name	release	release date	alignments	sentences	tokens	languages	language pairs	license
NLLB	v1	2023-09-02	12784341800	9950293181	149060400063	188	2656	'ODC-By'
CCMatrix	v1	2021-06-15	9717496667	7371253516	112135531774	90	1197	unknown
ParaCrawl	v8	2021-06-07	1722101154	3579133888	60659658574	39	40	unknown
OpenSubtitles	v2018	2018-04-10	10916033501	3354054994	22103996480	62	1865	unknown
ParaCrawl	v9	2022-03-25	1498860568	3133869747	56113329616	42	43	unknown
OpenSubtitles	v2016	unknown	6930229190	2596192321	17085748179	65	1850	unknown
CCAligned	v1	2021-01-29	896100849	2239257842	26338493680	113	112	unknown
MultiCCAligned	v1	unknown	4960490185	1241655547	16854430746	113	6187	unknown
OpenSubtitles	v2012	unknown	3033676033	1240117443	8478824540	56	1076	unknown
OpenSubtitles	v2011	unknown	2108906395	1215912402	8312233591	55	1032	unknown
MultiParaCrawl	v9	2022-04-02	1254453677	1213920693	22615152818	41	705	unknown
MultiParaCrawl	v9b	2022-04-16	1603969652	1213920693	22615152818	41	708	unknown
ParaCrawl	v7.1	unknown	524545198	1119462925	21399001683	40	41	unknown
LinguaTools-WikiTitles	v2014	2023-01-13	482484108	978553420	2438993530	23	253	CC-BY-SA
MultiCCAligned	v1.1	2021-05-20	2264805616	836503805	11270496433	112	6075	unknown
OpenSubtitles	v2013	unknown	2777996484	630079767	4350022271	60	1211	unknown
ParaCrawl	v5	unknown	226577082	509002762	11930666426	24	25	unknown
MultiParaCrawl	v7.1	unknown	787434324	505483247	10141712178	40	669	unknown
ParaCrawl	v4	unknown	126663068	304133057	5896284279	25	25	unknown
WikiMatrix	v1	2020-11-03	633311733	300267224	6063402255	86	1620	'CC-BY-SA 4.0'
ParaCrawl	v1	unknown	121644868	282883896	4554719892	14	13	unknown
MultiParaCrawl	v5	unknown	199361446	223923420	5433515463	23	253	unknown
HPLT	v1.1	2023-11-01	95931541	199261696	3345140225	19	18	unknown
HPLT	v1	2023-10-13	95931541	199261696	3345140225	19	18	unknown
XLEnt	v1.1	2021-05-23	847033263	185359257	625645791	120	7140	unknown
XLEnt	v1	2021-04-02	1372537640	185359257	625645791	120	7140	unknown
XLEnt	v1.2	2022-12-13	882870476	185359257	625645791	120	7139	unknown
EUbookshop	v2	2018-03-04	286076047	173200167	3604052955	47	785	unknown
UNPC	v1.0	2019-07-22	371857402	172042636	3962788944	6	15	unknown
EuroPat	v3	2022-01-29	89100015	163101737	5231794650	7	21	'Creative Commons CC0 license'
MultiHPLT	v1.1	2023-10-21	129258248	157252249	2679635486	19	171	unknown
EuroPat	v2	2021-04-03	77911360	143735631	4664560716	7	21	'Creative Commons CC0 license'
DGT	v2019	2019-07-10	1104828974	113518096	2134713829	25	299	unknown
Samanantar	v0.2	2022-12-22	49774246	101397540	1735772112	12	11	CC0
MultiUN	v1	2018-03-04	174446197	81407554	1987923106	7	21	unknown
DGT	v4	unknown	614284184	65489706	1203482072	24	276	unknown
JRC-Acquis	v3.0	2018-12-23	152663585	63282441	1019918101	22	231	unknown
TildeMODEL	v2018	2019-08-25	130528840	62436879	1432462700	30	274	'CC-BY - Creative Commons with Attribution'
GNOME	v1	2018-12-23	1599323665	58118902	267274076	187	11917	unknown
MaCoCu	v2	2023-10-27	25535617	56064884	1305343004	18	17	unknown
JParaCrawl	v3.0	2022-12-16	25824727	53468899	1586807743	3	2	'Terms of use'
wikimedia	v20230407	2023-04-13	22913414	53034210	1482496900	322	3656	'CC-BY-SA 4.0'
MultiMaCoCu	v2	2023-10-28	27514280	51518936	1213453785	18	153	unknown
giga-fren	v2	2018-03-04	22520376	47545785	1434571307	2	1	unknown
GoURMET	v1	2021-04-02	15169243	47542396	1477871113	8	7	'Creative Commons CC0 license'
EuroPat	v1	2020-10-31	21835049	43660664	1369058797	3	3	'Creative Commons CC0 license'
StanfordNLP-NMT	v1.0	2023-01-19	20396611	42375047	724860176	4	3	see WMT and IWSLT
Anuvaad	v1	2023-01-13	12094303	37015993	1074343894	13	13	CC-BY-4.0
wikimedia	v20210402	2021-04-10	12861283	31624724	918048485	306	2575	'CC-BY-SA 4.0'
ECB	v1	2018-03-03	15342142	30549916	757366804	19	170	unknown
Europarl	v8	2019-06-29	187034204	30324061	759049483	21	211	unknown
Europarl	v7	unknown	186768790	30111937	753729120	21	211	unknown
QED	v2.0a	2019-07-07	161912980	29957572	372746156	230	9296	The QED Corpus is made public for RESEARCH purpose only.
ELRC-4244-NTEU_TierA	v1	2022-11-03	12891337	26928632	584333618	2	1	CC-BY-4.0
EMEA	v3	2018-03-07	255937207	26514334	311648412	22	231	unknown
ELRC-4239-NTEU_TierA	v1	2022-11-03	12855264	26420754	553706788	2	1	CC-BY-SA-4.0
ELRC-4268-NTEU_TierA	v1	2022-11-03	12737595	26381208	608626124	2	1	CC-BY-SA-4.0
ELRC-4159-NTEU_TierA	v1	2022-11-03	12611150	26035385	662631856	2	1	CC-BY-4.0
Wikipedia	v1.0	2018-03-04	12951433	25902806	610134741	20	36	unknown
ELRC-4258-NTEU_TierA	v1	2022-11-03	11677674	24072309	494876627	2	1	CC-BY-4.0
ELRC-4217-NTEU_TierA	v1	2022-11-03	14443056	23589168	530512102	2	1	CC-BY-4.0
ELRC-4249-NTEU_TierA	v1	2022-11-02	10593424	22753831	446620587	2	1	CC-BY-4.0
OpenSubtitles	v1	2018-03-04	22970991	22268624	149436587	30	357	unknown
DOGC	v2	2018-03-03	10934066	21867563	311159771	2	1	unknown
ELRC-4248-NTEU_TierA	v1	2022-11-03	13756128	21565390	529582768	2	1	CC-BY-SA-4.0
ELRC-4183-NTEU_TierA	v1	2022-11-03	13625106	21503582	547203516	2	1	CC-BY-4.0
ELRC-4203-NTEU_TierA	v1	2022-11-02	10179674	21397747	501492079	2	1	CC-BY-4.0
ELRC-4153-NTEU_TierA	v1	2022-11-02	10005333	21013616	522431369	2	1	CC-BY-4.0
ELRC-4205-NTEU_TierA	v1	2022-11-02	10011102	21010751	509345823	2	1	CC-BY-4.0
ELRC-4144-NTEU_TierA	v1	2022-11-03	13247394	20899919	584664181	2	1	CC-BY-4.0
ELRC-4136-NTEU_TierA	v1	2022-11-01	10029214	20898380	514983521	2	1	CC-BY-4.0
ELRC-4238-NTEU_TierA	v1	2022-11-03	13149868	20854722	548140750	2	1	CC-BY-4.0
ELRC-4166-NTEU_TierA	v1	2022-11-02	10128835	20812699	488657229	2	1	CC-BY-4.0
ELRC-4140-NTEU_TierA	v1	2022-11-01	12428263	20297670	546455648	2	1	CC-BY-4.0
ELRC-4147-NTEU_TierA	v1	2022-11-02	9654306	20075185	440039141	2	1	CC-BY-4.0
ELRC-4168-NTEU_TierA	v1	2022-11-02	9490527	19758942	456549684	2	1	CC-BY-4.0
ELRC-4151-NTEU_TierA	v1	2022-11-03	12169661	19758012	522351005	2	1	CC-BY-4.0
ELRC-4272-NTEU_TierA	v1	2022-11-02	9519198	19754099	448853988	2	1	CC-BY-4.0
ELRC-4196-NTEU_TierA	v1	2022-11-02	9467638	19509660	445651390	2	1	CC-BY-4.0
ELRC-4222-NTEU_TierA	v1	2022-11-02	9878827	18990953	441634218	2	1	CC-BY-4.0
ELRC-4259-NTEU_TierA	v1	2022-11-03	8608550	17769949	396505718	2	1	CC-BY-4.0
ELRC-5067-SciPar	v1	2022-11-02	9172462	17752191	457758764	25	31	CC-BY-NC-SA-4.0
SETIMES	v2	2018-03-04	8802017	17604034	425894139	10	45	unknown
DOGC	v3	2022-10-14	8472786	17577583	461959403	2	1	CC-0
ELRC-4235-NTEU_TierA	v1	2022-11-03	8306569	17313085	403101269	2	1	CC-BY-4.0
ELRC-4227-NTEU_TierA	v1	2022-11-02	8166399	16658475	439701239	2	1	CC-BY-4.0
ELRC-4208-NTEU_TierA	v1	2022-11-03	10760665	16641227	411836904	2	1	CC-BY-4.0
ELRC-4269-NTEU_TierA	v1	2022-11-03	8072484	16542441	386716546	2	1	CC-BY-SA-4.0
ELRC-4270-NTEU_TierA	v1	2022-11-02	8061920	16497248	378534439	2	1	CC-BY-SA-4.0
ELRC-4154-NTEU_TierA	v1	2022-11-02	7922518	16328669	387738407	2	1	CC-BY-SA-4.0
ELRC-4271-NTEU_TierA	v1	2022-11-02	7916538	16250536	359364813	2	1	CC-BY-SA-4.0
ELRC-4275-NTEU_TierA	v1	2022-11-02	9429065	15855122	329345697	2	1	CC-BY-4.0
Europarl	v3	unknown	62951247	15809150	404006314	11	55	unknown
ELRC-4250-NTEU_TierA	v1	2022-11-02	7734104	15743871	406474689	2	1	CC-BY-4.0
ELRC-4212-NTEU_TierA	v1	2022-11-02	7593421	15563667	410652755	2	1	CC-BY-4.0
ELRC-4240-NTEU_TierA	v1	2022-11-02	7457901	15428884	341930869	2	1	CC-BY-4.0
ELRC-4189-NTEU_TierA	v1	2022-11-02	7409650	15374294	360352021	2	1	CC-BY-4.0
ELRC-4149-NTEU_TierA	v1	2022-11-02	6936924	14327459	328859826	2	1	CC-BY-4.0
ELRC-4220-NTEU_TierA	v1	2022-11-02	6899763	14190188	326167564	2	1	CC-BY-4.0
ELRC-4133-NTEU_TierA	v1	2022-11-01	6868902	14115540	307128338	2	1	CC-BY-4.0
ELRC-4186-NTEU_TierA	v1	2022-11-02	6902391	14115220	299568360	2	1	CC-BY-4.0
ELRC-4253-NTEU_TierA	v1	2022-11-02	6522002	14110064	307267510	2	1	CC-BY-4.0
ELRC-4237-NTEU_TierA	v1	2022-11-02	6869805	14093245	308564994	2	1	CC-BY-4.0
ELRC-4211-NTEU_TierA	v1	2022-11-02	6501154	14078402	299472789	2	1	CC-BY-4.0
ELRC-4280-NTEU_TierA	v1	2022-11-02	6492151	14021642	289154418	2	1	CC-BY-4.0
ELRC-4171-NTEU_TierA	v1	2022-11-02	6731934	13926419	328737850	2	1	CC-BY-4.0
ELRC-4163-NTEU_TierA	v1	2022-11-02	6788883	13869678	349723105	2	1	CC-BY-4.0
ELRC-4138-NTEU_TierA	v1	2022-11-01	6626675	13566389	323900932	2	1	CC-BY-4.0
ELRC-4215-NTEU_TierA	v1	2022-11-02	6611249	13544420	339624116	2	1	CC-BY-4.0
ELRC-4210-NTEU_TierA	v1	2022-11-02	6559134	13522340	323207038	2	1	CC-BY-4.0
ELRC-4177-NTEU_TierA	v1	2022-11-02	6541592	13495411	339010628	2	1	CC-BY-4.0
ELRC-4199-NTEU_TierA	v1	2022-11-02	6536877	13488461	313250051	2	1	CC-BY-4.0
ELRC-4265-NTEU_TierA	v1	2022-11-03	6506267	13435888	328319706	2	1	CC-BY-4.0
ELRC-4158-NTEU_TierA	v1	2022-11-02	6496196	13415695	326360551	2	1	CC-BY-4.0
ELRC-4233-NTEU_TierA	v1	2022-11-02	6471448	13374144	341108665	2	1	CC-BY-4.0
ELRC-4264-NTEU_TierA	v1	2022-11-03	6497652	13371095	298693414	2	1	CC-BY-4.0
ELRC-4182-NTEU_TierA	v1	2022-11-02	6443875	13280194	298014858	2	1	CC-BY-4.0
ELRC-4276-NTEU_TierA	v1	2022-11-02	6078577	13192182	287512304	2	1	CC-BY-4.0
ELRC-4132-NTEU_TierA	v1	2022-11-01	6346128	13183221	295185741	2	1	CC-BY-4.0
ELRC-4234-NTEU_TierA	v1	2022-11-02	6305835	13112089	295215195	2	1	CC-BY-4.0
ELRC-4175-NTEU_TierA	v1	2022-11-02	5992347	13109101	278109536	2	1	CC-BY-4.0
ELRC-4190-NTEU_TierA	v1	2022-11-02	6308534	13087128	287114616	2	1	CC-BY-4.0
ELRC-4206-NTEU_TierA	v1	2022-11-02	6343989	13038087	277526276	2	1	CC-BY-4.0
ELRC-4246-NTEU_TierA	v1	2022-11-03	6283328	13015660	269170302	2	1	CC-BY-4.0
ELRC-4143-NTEU_TierA	v1	2022-11-01	6315103	13012831	285342417	2	1	CC-BY-4.0
ELRC-4148-NTEU_TierA	v1	2022-11-02	6333316	12951935	266412427	2	1	CC-BY-4.0
ELRC-4137-NTEU_TierA	v1	2022-10-31	6222740	12949514	296869682	2	1	CC-BY-4.0
ELRC-4188-NTEU_TierA	v1	2022-11-02	6189671	12816774	289610630	2	1	CC-BY-4.0
ELRC-4223-NTEU_TierA	v1	2022-11-02	6172231	12773002	277724925	2	1	CC-BY-4.0
ELRC-4262-NTEU_TierA	v1	2022-11-03	6177879	12755764	284367728	2	1	CC-BY-4.0
ELRC-4173-NTEU_TierA	v1	2022-11-02	6145479	12692556	267986902	2	1	CC-BY-4.0
ELRC-4273-NTEU_TierA	v1	2022-11-02	6179075	12657115	308677022	2	1	CC-BY-4.0
ELRC-4139-NTEU_TierA	v1	2022-11-01	6137719	12653545	309375036	2	1	CC-BY-4.0
ELRC-4226-NTEU_TierA	v1	2022-11-02	6102264	12592413	299054676	2	1	CC-BY-4.0
ELRC-EMEA	v1	2022-11-07	3625901765	12591757	253066523	25	300	CC-BY-4.0
ELRC-4257-NTEU_TierA	v1	2022-11-02	6081873	12494993	268687568	2	1	CC-BY-4.0
ELRC-4162-NTEU_TierA	v1	2022-11-02	6069139	12470964	283537767	2	1	CC-BY-4.0
ELRC-4255-NTEU_TierA	v1	2022-11-02	6031793	12437261	309292447	2	1	CC-BY-4.0
ELRC-4184-NTEU_TierA	v1	2022-11-02	6031334	12413413	275578105	2	1	CC-BY-4.0
ELRC-4146-NTEU_TierA	v1	2022-11-02	5915478	12265366	260934805	2	1	CC-BY-4.0
ELRC-4245-NTEU_TierA	v1	2022-11-02	5921536	12241063	302512227	2	1	CC-BY-4.0
ELRC-4282-NTEU_TierA	v1	2022-11-02	6147022	12197987	274275716	2	1	CC-BY-4.0
ELRC-4191-NTEU_TierA	v1	2022-11-02	5838407	12158313	302118453	2	1	CC-BY-4.0
ELRC-4161-NTEU_TierA	v1	2022-11-02	6476729	12120610	289117466	2	1	CC-BY-4.0
ELRC-4169-NTEU_TierA	v1	2022-11-02	6432131	12085696	281077957	2	1	CC-BY-4.0
ELRC-4218-NTEU_TierA	v1	2022-11-02	6448938	12039549	263142757	2	1	CC-BY-4.0
ELRC-4216-NTEU_TierA	v1	2022-11-02	5771721	12015200	261655462	2	1	CC-BY-4.0
ELRC-4256-NTEU_TierA	v1	2022-11-02	5763596	12005789	290360905	2	1	CC-BY-4.0
SETIMES	v1	unknown	5971448	11942717	341829450	9	36	unknown
ELRC-4207-NTEU_TierA	v1	2022-11-02	5720439	11915996	300264671	2	1	CC-BY-4.0
ELRC-4141-NTEU_TierA	v1	2022-11-01	5693801	11792305	244618330	2	1	CC-BY-4.0
ELRC-4134-NTEU_TierA	v1	2022-11-01	5477050	11758654	236268608	2	1	CC-BY-4.0
ELRC-4267-NTEU_TierA	v1	2022-11-03	5676775	11662698	242265168	2	1	CC-BY-4.0
ELRC-4172-NTEU_TierA	v1	2022-11-02	5560984	11628644	250973352	2	1	CC-BY-4.0
ELRC-4178-NTEU_TierA	v1	2022-11-02	5591196	11622025	286645182	2	1	CC-BY-4.0
ELRC-4156-NTEU_TierA	v1	2022-11-02	5659682	11610187	237725182	2	1	CC-BY-4.0
ELRC-4187-NTEU_TierA	v1	2022-11-02	5641927	11606886	243663291	2	1	CC-BY-4.0
Tatoeba	v2023-04-12	2023-04-13	8205146	11561057	86505851	416	4344	CC-BY 2.0 FR
ELRC-4225-NTEU_TierA	v1	2022-11-02	5610026	11516632	268334110	2	1	CC-BY-4.0
ELRC-4221-NTEU_TierA	v1	2022-11-02	5587354	11512740	243506509	2	1	CC-BY-4.0
ELRC-4200-NTEU_TierA	v1	2022-11-02	5592244	11498772	280746122	2	1	CC-BY-4.0
ELRC-4252-NTEU_TierA	v1	2022-11-02	5619158	11495076	221795459	2	1	CC-BY-4.0
ELRC-4179-NTEU_TierA	v1	2022-11-02	5594455	11477615	228487879	2	1	CC-BY-4.0
TED2020	v1	2020-11-30	141657129	11459188	173396555	108	4796	'Please respect the TED Talks Usage Policy'
ELRC-4247-NTEU_TierA	v1	2022-11-02	5472313	11384045	250039882	2	1	CC-BY-4.0
ELRC-4165-NTEU_TierA	v1	2022-11-02	5524372	11369810	270808833	2	1	CC-BY-4.0
ELRC-4135-NTEU_TierA	v1	2022-11-01	5996729	11172569	252914070	2	1	CC-BY-4.0
ELRC-4243-NTEU_TierA	v1	2022-11-02	5892207	11025223	256332036	2	1	CC-BY-4.0
Tatoeba	v2022-03-03	2022-03-03	8000626	10677407	79403735	403	3942	CC-BY 2.0 FR
ELRC-4194-NTEU_TierA	v1	2022-11-02	5640803	10518268	241459856	2	1	CC-BY-4.0
ELRC-4274-NTEU_TierA	v1	2022-11-02	5557891	10313665	241313545	2	1	CC-BY-4.0
MBS	v1	2018-03-03	5028737	10057474	161315067	2	1	unknown
ELRC-4176-NTEU_TierA	v1	2022-11-02	4635060	10010044	237611900	2	1	CC-BY-4.0
ELRC-4195-NTEU_TierA	v1	2022-11-02	4611385	9867964	232211253	2	1	CC-BY-4.0
ELRC-4155-NTEU_TierA	v1	2022-11-02	4579395	9775510	225167709	2	1	CC-BY-4.0
ELRC-4230-NTEU_TierA	v1	2022-11-02	4577226	9775104	217967646	2	1	CC-BY-4.0
ELRC_2682	v1	2020-07-03	4749506	9564877	192483920	8	7	'CC-BY-4.0'
Tatoeba	v2021-03-10	2021-03-10	7602612	9262849	69515915	392	3632	CC-BY 2.0 FR
ELRC-4261-NTEU_TierA	v1	2022-11-02	4296564	9171536	202038796	2	1	CC-BY-4.0
ELRC-4232-NTEU_TierA	v1	2022-11-02	4232215	9153413	207510317	2	1	CC-BY-4.0
ELRC-4181-NTEU_TierA	v1	2022-11-02	4719334	9024652	233377457	2	1	CC-BY-4.0
ELRC-4157-NTEU_TierA	v1	2022-11-02	4657384	8844805	223279572	2	1	CC-BY-4.0
ELRC-4202-NTEU_TierA	v1	2022-11-02	4675709	8832098	227057396	2	1	CC-BY-4.0
ELRC-4204-NTEU_TierA	v1	2022-11-02	4271775	8754827	215579465	2	1	CC-BY-4.0
KDE4	v2	2018-12-23	215977602	8754221	60883599	92	4099	unknown
Tatoeba	v2020-11-09	2020-11-11	7531716	8710920	65788097	386	3403	CC-BY 2.0 FR
ELRC-4231-NTEU_TierA	v1	2022-11-02	4717189	8648439	208651832	2	1	CC-BY-4.0
ELRC-4279-NTEU_TierA	v1	2022-11-02	4281592	8607694	206727348	2	1	CC-BY-4.0
ELRC-4281-NTEU_TierA	v1	2022-11-02	4292420	8560264	203891593	2	1	CC-BY-4.0
ELRC-4278-NTEU_TierA	v1	2022-11-02	4245338	8490965	197703851	2	1	CC-BY-4.0
ELRC-4285-NTEU_TierA	v1	2022-11-02	4256415	8462950	190545331	2	1	CC-BY-4.0
ELRC-4263-NTEU_TierA	v1	2022-11-02	4258425	8408986	205209753	2	1	CC-BY-4.0
Tatoeba	v2020-05-31	2020-05-31	7420988	8255646	62624704	363	2945	CC-BY 2.0 FR
Finlex	v2018	2019-02-06	3334729	7980163	85446818	2	1	CC-BY
ELITR-ECA	v1	2021-12-02	20359710	7930314	230503450	23	253	'CC-BY-4.0'
ELRC-4287-NTEU_TierA	v1	2022-11-02	3976657	7894993	174212908	2	1	CC-BY-4.0
ELRC-4286-NTEU_TierA	v1	2022-11-02	3889538	7866184	181976754	2	1	CC-BY-4.0
ELRC-4224-NTEU_TierA	v1	2022-11-02	4168759	7852511	198529144	2	1	CC-BY-4.0
News-Commentary	v9.1	2018-03-03	3986823	7706889	203209969	12	63	unknown
News-Commentary	v9.0	2018-03-04	3986823	7706889	188415412	12	63	unknown
Tatoeba	v20190709	2019-07-10	7235820	7604070	57774231	338	1707	CC-BY 2.0 FR
ELRC-4284-NTEU_TierA	v1	2022-11-02	3922898	7442452	184403307	2	1	CC-BY-4.0
SciELO	v1	2019-06-19	3774439	7046248	208699470	3	3	CC-BY 4.0
ELRC-4214-NTEU_TierA	v1	2022-11-02	4181939	6810135	182207124	2	1	CC-BY-4.0
NeuLab-TedTalks	v1	2023-01-18	73260272	6448186	108233564	59	1711	unknown
ELRC-5179-acts_Ukrainian	v1	2022-11-02	3056791	6209085	151647901	25	24	CC-BY-4.0
JESC	v2019-12-05	2023-01-19	2797388	5598453	48166553	2	1	CC-BY-SA-4.0
GlobalVoices	v2018q4	2020-11-13	8610871	5372789	100773564	48	854	unknown
GoURMET	v2	2023-03-10	2420397	5227445	159930532	14	13	'Creative Commons CC0 license'
GlobalVoices	v2017q3	2018-11-09	7585183	4468221	78767869	41	758	unknown
ELRC-4142-NTEU_TierA	v1	2022-11-01	2290892	4348943	95234347	2	1	CC-BY-SA-4.0
ParIce	v1	2023-01-18	2097020	4340994	73643639	2	1	CC-BY-4.0
fiskmo	v2	2019-06-28	2100000	4236599	48959421	2	1	CC-BY-NC-SA 4.0
GlobalVoices	v2015	2018-03-04	5974366	4146618	74849865	38	635	unknown
EOPC	v2022	2022-05-18	2014077	4056833	90404196	7	6	CC-BY-SA
EhuHac	v1	2018-05-06	1810409	3895652	66650069	4	3	unknown
TED2013	v1.1	2018-03-04	1932621	3810430	67673906	15	14	unknown
ELRC-4185-NTEU_TierA	v1	2022-11-02	1660352	3793025	85064731	2	1	CC-BY-SA-4.0
ELRC-4198-NTEU_TierA	v1	2022-11-02	1822923	3693764	76804282	2	1	CC-BY-4.0
ELRC-4193-NTEU_TierA	v1	2022-11-02	1651220	3648063	83717377	2	1	CC-BY-SA-4.0
ELRC-4283-NTEU_TierA	v1	2022-11-02	1628892	3640563	82943444	2	1	CC-BY-SA-4.0
ELRC-4241-NTEU_TierA	v1	2022-11-02	1779509	3626234	89124627	2	1	CC-BY-4.0
ELRC-4260-NTEU_TierA	v1	2022-11-02	1463427	3466193	68262938	2	1	CC-BY-4.0
ELRC-4192-NTEU_TierA	v1	2022-11-02	1546381	3455193	86781077	2	1	CC-BY-4.0
ELRC-4236-NTEU_TierA	v1	2022-11-02	1490617	3331841	77867526	2	1	CC-BY-4.0
ELRC-4254-NTEU_TierA	v1	2022-11-02	1481423	3329860	68781509	2	1	CC-BY-4.0
IITB	v2.0	2022-11-18	1561173	3306533	56796648	2	1	CC BY-NC 4.0
ELRC-4152-NTEU_TierA	v1	2022-11-02	1478590	3292719	69467705	2	1	CC-BY-4.0
ELRC-4219-NTEU_TierA	v1	2022-11-02	1490098	3289575	75983346	2	1	CC-BY-4.0
ELRC-4174-NTEU_TierA	v1	2022-11-02	1470790	3281143	74787960	2	1	CC-BY-4.0
ELRC-4266-NTEU_TierA	v1	2022-11-02	1480131	3280753	67681786	2	1	CC-BY-4.0
ELRC-4201-NTEU_TierA	v1	2022-11-02	1485482	3276287	63443934	2	1	CC-BY-4.0
ELRC-4197-NTEU_TierA	v1	2022-11-02	1466014	3273284	67052211	2	1	CC-BY-4.0
ELRC-4277-NTEU_TierA	v1	2022-11-02	1462793	3265115	71776663	2	1	CC-BY-4.0
ELRC-4170-NTEU_TierA	v1	2022-11-02	1470944	3264946	67976928	2	1	CC-BY-4.0
ELRC-4209-NTEU_TierA	v1	2022-11-02	1468719	3256079	68694387	2	1	CC-BY-4.0
ELRC-4229-NTEU_TierA	v1	2022-11-02	1469083	3254973	66137200	2	1	CC-BY-4.0
Mozilla-I10n	v1	2021-03-03	121094212	3218794	28729972	197	18878	Mozilla Public License 2.0
ELRC-4150-NTEU_TierA	v1	2022-11-02	1458108	3216190	61360575	2	1	CC-BY-4.0
ELRC-4180-NTEU_TierA	v1	2022-11-02	1451722	3201870	69230111	2	1	CC-BY-4.0
News-Commentary	v16	2021-04-22	8114964	2967914	82905965	15	109	unknown
Tatoeba	v2	2018-03-04	2954831	2943216	21286592	130	890	unknown
News-Commentary	v14	2021-04-17	7417110	2842462	78593444	15	95	unknown
bible-uedin	v1	2019-08-09	85447133	2812639	56458987	102	5148	CC0 1.0
Nunavut_Hansard	v3.0.1	2023-01-13	1312791	2739661	31883159	2	1	CC-BY-4.0
ChuBiCo	v1	2022-03-01	1202013	2515135	34329509	3	2	CC0
SCB_MT_EN_TH	v1.0	2020-06-23	988249	2493945	56318253	2	1	'CC BY-SA 4.0'
MDN_Web_Docs	v2023-09-25	2023-09-25	3530477	2465635	24506699	9	36	'CC-BY-SA 2.5'
CAPES	v1	2019-06-17	1157610	2319202	77563867	2	1	CC-BY 4.0
MIZAN	v1	2020-11-27	1021596	2074093	27418141	2	1	'CC-BY-4.0'
News-Commentary	v11	2018-03-04	5382448	1929414	49657798	12	63	unknown
ELRC-2728-EMEA	v1	2022-10-31	783741	1607254	33482886	2	1	CC-BY-4.0
ELRC-2729-EMEA	v1	2022-10-31	783489	1583361	30893016	2	1	CC-BY-4.0
ELRC-2711-EMEA	v1	2022-10-30	781987	1574399	33545224	2	1	CC-BY-4.0
ELRC-2721-EMEA	v1	2022-10-30	780097	1573463	30173395	2	1	CC-BY-4.0
ELRC-2713-EMEA	v1	2022-10-30	779082	1571955	31558349	2	1	CC-BY-4.0
ELRC-2710-EMEA	v1	2022-10-30	778598	1566400	33969452	2	1	CC-BY-4.0
ELRC-2722-EMEA	v1	2022-10-30	777371	1563756	34220387	2	1	CC-BY-4.0
ELRC-2716-EMEA	v1	2022-10-30	775675	1561292	31791511	2	1	CC-BY-4.0
ELRC-2724-EMEA	v1	2022-10-30	775623	1560273	33682613	2	1	CC-BY-4.0
ELRC-2712-EMEA	v1	2022-10-30	772699	1558596	32090833	2	1	CC-BY-4.0
ELRC-2715-EMEA	v1	2022-10-30	772358	1558196	30665186	2	1	CC-BY-4.0
ELRC-2720-EMEA	v1	2022-10-30	773622	1555076	35005570	2	1	CC-BY-4.0
ELRC-2717-EMEA	v1	2022-10-30	764030	1552210	29823496	2	1	CC-BY-4.0
ELRC-2723-EMEA	v1	2022-10-30	769067	1547674	29039593	2	1	CC-BY-4.0
ELRC-2727-EMEA	v1	2022-10-30	766138	1544368	31899017	2	1	CC-BY-4.0
ELRC-2726-EMEA	v1	2022-10-30	762903	1540628	31589834	2	1	CC-BY-4.0
ELRC-2707-EMEA	v1	2022-10-30	762433	1536786	32139987	2	1	CC-BY-4.0
ELRA-W0156	v1	2020-05-14	733081	1534498	30400377	2	1	CC-BY-4.0
ELRC-2725-EMEA	v1	2022-10-30	759845	1532173	30080663	2	1	CC-BY-4.0
ELRC-2714-EMEA	v1	2022-10-30	760573	1528622	30429892	2	1	CC-BY-4.0
ELRC-2708-EMEA	v1	2022-10-30	753743	1514522	28083304	2	1	CC-BY-4.0
ELRC-396-Foreign_Affairs_Norw	v1	2022-11-01	733081	1476707	29369129	2	1	CC-BY-4.0
wikimedia	v20190628	2019-07-01	179484	1457166	29633369	288	1433	CC-BY-SA 4.0
ELRC-CORDIS_Results	v1	2022-11-07	2764796	1428354	35945505	6	15	openUnder-PSI
ELRC-2410-Portal_oficial_turis	v1	2022-11-02	664494	1357035	19429027	6	9	CC-BY-NC-SA-4.0
Elhuyar	v1	2018-05-06	642347	1347343	20089676	2	1	Creative Commons
ELRC-2706-EMEA	v1	2022-10-30	650029	1314273	26690963	2	1	CC-BY-4.0
EiTB-ParCC	v1	2020-06-14	637183	1307878	24177206	2	1	'The corpus is distributed under the Creative Commons BY-NC-SA 4.0 license'
TEP	v1	2018-03-04	612086	1224172	8895311	2	1	unknown
PHP	v1	2018-03-04	9334930	1217940	3457977	22	252	unknown
ELRC-2719-EMEA	v1	2022-10-30	581379	1177952	23135084	2	1	CC-BY-4.0
ELRC-5183-SciPar_Ukraine	v1	2022-11-02	559530	1136078	24405312	3	3	CC-BY-NC-SA-4.0
ELRC-2718-EMEA	v1	2022-10-30	542623	1099174	21346405	2	1	CC-BY-4.0
Tanzil	v1	2018-03-04	48964252	1011237	22327330	42	878	unknown
ELRC-5214-A_Lexicon_Named	v1	2022-11-02	495402	991764	2329317	2	1	CC-BY-NC-4.0
ELRC-EUIPO_law	v1	2022-11-07	6425830	959237	34889841	5	10	CC-BY-NC-4.0
Books	v1	2018-03-03	1288921	909892	19497942	16	64	unknown
KFTT	v1.0	2023-01-19	440288	888331	22601165	2	1	CC-BY-SA-3.0
pmindia	v1	2022-11-10	7406062	859313	21369293	14	13	CC-BY-SA 4.0
ELRC-2709-EMEA	v1	2022-10-30	410809	830210	19260239	2	1	CC-BY-4.0
infopankki	v1	2019-10-12	3168977	794105	7868977	12	66	'CC-BY 4.0 '
ELRC-1077-EUIPO_law	v1	2022-10-29	340051	748231	17611504	2	1	CC-BY-NC-4.0
ELRC-CORDIS_News	v1	2022-11-07	14674709	719853	19746859	6	15	openUnder-PSI
ELRC-Foreign_Affairs	v1	2022-11-07	13741496	689298	14060988	5	7	CC-BY-4.0
ELRC-518-www.regjeringen.no	v1	2022-11-02	340840	681783	11198772	2	1	CC-BY-4.0
tico-19	v2020-10-28	2020-10-28	319384	664369	18135538	37	75	'Creative Commons CC0 license'
ELRC-4145-NTEU_TierA	v1	2022-11-02	314272	650484	14213199	2	1	CC-BY-4.0
OpenOffice	v3	2018-03-04	2081013	617502	3561242	8	28	unknown
ELRC-4167-NTEU_TierA	v1	2022-11-02	295094	611701	11982197	2	1	CC-BY-4.0
ELRC-4160-NTEU_TierA	v1	2022-11-02	288792	603845	13320819	2	1	CC-BY-4.0
WMT-News	v2019	2019-06-28	461745	545971	11571515	18	36	unknown
ELRC-4228-NTEU_TierA	v1	2022-11-02	262796	545719	12242730	2	1	CC-BY-4.0
ELRC-4251-NTEU_TierA	v1	2022-11-02	262645	544915	11881679	2	1	CC-BY-4.0
ELRC-4213-NTEU_TierA	v1	2022-11-02	258809	544330	12108597	2	1	CC-BY-4.0
ELRC-4164-NTEU_TierA	v1	2022-11-02	261104	541272	11326912	2	1	CC-BY-4.0
tldr-pages	v2023-08-29	2023-09-19	256825	521667	5158892	33	448	CC-BY-4.0
ELRC-1122-CORDIS_Results_Brief	v1	2022-10-29	259748	519634	13301746	2	1	openUnder-PSI
ELRC-1123-CORDIS_Results_Brief	v1	2022-10-29	252919	506453	12707698	2	1	openUnder-PSI
ELRC-EUR_LEX	v1	2022-11-07	8219112	502440	15221369	24	276	CC-BY-4.0
ELRC-1126-CORDIS_Results_Brief	v1	2022-10-29	242560	485740	12320253	2	1	openUnder-PSI
ELRC-1806-Norwegian_Bokml_Ames	v1	2022-10-30	289263	473684	9189713	2	1	CC0-1.0
UN	v20090831	2018-03-04	1111005	444402	18872809	6	15	unknown
ELRC-EUIPO_2017	v1	2022-11-07	19505425	414922	10936018	23	253	CC-BY-SA-4.0
Joshua-IPC	v1	2022-11-11	1206133	410863	7434731	7	6	CC-BY 3.0
ELRC-1124-CORDIS_Results_Brief	v1	2022-10-29	201565	403313	8694454	2	1	openUnder-PSI
ELRC-4242-NTEU_TierA	v1	2022-11-02	172848	385388	8923583	2	1	CC-BY-4.0
ELRC-1121-CORDIS_Results_Brief	v1	2022-10-29	182065	364254	7982147	2	1	openUnder-PSI
ELRC-2503-Descripciones_vulner	v1	2022-11-12	101695	337504	11149837	2	1	CC-BY-NC-SA-4.0
memat	v1	2018-11-06	155119	334175	4034355	2	1	unknown
KDEdoc	v1	2018-03-03	721968	299123	3739835	24	226	unknown
ELRC-EU_publications	v1	2022-11-07	2995394	293512	7794036	24	276	CC-BY-4.0
ELRC-1076-EUIPO_law	v1	2022-10-29	110385	285696	10724889	2	1	CC-BY-NC-4.0
ELRC-492-Romanian_Wikipedia	v1	2022-11-02	132229	274286	6443872	2	1	CC-BY-SA-3.0
ELRA-W0193	v1	2020-05-16	132229	274286	6443539	2	1	unknown
ELRC-638-Luxembourg.lu	v1	2022-11-02	263041	270592	5248561	3	3	openUnder-PSI
ELRA-W0201	v1	2020-05-16	263041	270592	5243765	3	3	unknown
ELRA-W0165	v1	2020-05-22	130551	267713	7343903	2	1	CC-BY-4.0
ELRC-425-Lithuanian_legislati	v1	2022-11-02	130551	267713	7337895	2	1	CC-BY-4.0
ELRC-1118-CORDIS_News	v1	2022-10-29	132413	264957	7463645	2	1	openUnder-PSI
ELRC-www.norden.org	v1	2022-11-07	398602	259032	4795475	6	15	openUnder-PSIopenUnder-PSI
ELRC-EUIPO_list	v1	2022-11-07	1467342	252258	1385266	5	10	publicDomain
ELRC-1119-CORDIS_News	v1	2022-10-29	123345	247372	6885496	2	1	openUnder-PSI
OpenOffice	v2	2018-03-07	550238	246132	2607336	6	15	unknown
ELRC-1977-Standard_Norge	v1	2022-10-30	129439	237155	3574761	2	1	CC0-1.0
ELRC-5180-Official_Parliament_	v1	2022-11-02	116259	233454	6436179	2	1	CC-BY-4.0
ELRC-1125-CORDIS_News	v1	2022-10-29	112994	228732	6275751	2	1	openUnder-PSI
EUconst	v1	2018-03-03	2113485	224845	3008819	21	210	unknown
ELRC-1117-CORDIS_News	v1	2022-10-29	111275	223491	5500319	2	1	openUnder-PSI
ELRC-563-Statoil_energy_compa	v1	2022-11-02	111069	222211	3818375	2	1	NLOD-1.0
ELRC-1075-EUIPO_law	v1	2022-10-29	86653	221311	8154352	2	1	CC-BY-NC-4.0
ELRA-W0138	v1	2020-05-14	86653	221311	8153594	2	1	publicDomain
hrenWaC	v1	2018-03-03	99001	198002	4956764	2	1	unknown
ELRA-W0194	v1	2020-05-16	98098	196205	5770370	2	1	unknown
ELRC-493-Romanian_news	v1	2022-11-02	98098	196205	5770343	2	1	CC-BY-4.0
SUMMA	v1	2022-03-30	1879570	193740	4033912	2	1	'Creative Commons CC0 license'
ELRC-1120-CORDIS_News	v1	2022-10-29	87744	176634	4451663	2	1	openUnder-PSI
ELRC-5173-CLARIN_Polish_Ukrain	v1	2022-11-02	81776	175262	1281872	2	1	CC-BY-NC-SA-4.0
TedTalks	v1	2018-03-04	86348	173989	2805972	2	1	unknown
ELRC-534-www.norges_bank.no	v1	2022-11-02	86587	173586	2967932	2	1	CC-BY-4.0
ELRC_3382	v1	2020-07-01	83217	167433	4272184	24	23	'CC-BY-4.0'
ELRC-781-Gaois_legislation	v1	2022-11-02	81517	166960	2676423	2	1	openUnder-PSI
ELRA-W0223	v1	2020-05-14	81517	166960	2675906	2	1	openUnder-PSI
FFR	v2	2023-01-13	82132	164268	1122181	2	1	CC-BY-NC-SA-4.0
ELRC_2922	v1	2020-07-01	81671	164185	3908321	54	53	'CC-BY-4.0'
ELRC-presscorner_covid	v1	2022-11-07	33730090	163415	4223957	24	276	CC-BY-4.0
ELRC-5174-French_Polish_Ukrain	v1	2022-11-02	77932	162729	2628774	4	3	CC-BY-NC-SA-4.0
ELRC-valtioneuvosto.fi	v1	2022-11-07	2052214	161847	2768606	3	3	openUnder-PSI
ELRC-German_Foreign	v1	2022-11-07	1056538	156891	3028261	3	2	openUnder-PSI
SPC	v1	2018-03-04	72027	147681	1315942	4	3	unknown
ELRC-2542-Agriculture	v1	2022-10-30	68375	143404	3112955	2	1	openUnder-PSI
MontenegrinSubs	v1	2018-03-03	68505	143019	1066846	2	1	unknown
ELRC-4329-PRINCIPLE_MVEP_legal	v1	2022-11-02	71676	139876	4375556	3	3	openUnder-PSI
ELRC-www.vtv.fi	v1	2022-11-07	1120476	139140	2596519	3	3	openUnder-PSI
Bianet	v1	2019-02-03	48956	137955	2252142	3	3	unknown
ELRC-490-Secretariat_General_	v1	2022-11-02	63069	130142	3402908	2	1	publicDomain
ELRA-W0191	v1	2020-05-14	63069	130142	3393408	2	1	publicDomain
ELRA-W0202	v1	2020-05-16	61967	128785	2725741	2	1	unknown
ELRC-government_websites	v1	2022-11-07	79201	127356	2883969	8	11	openUnder-PSI
OfisPublik	v1	2018-03-03	63780	127355	2124296	2	1	unknown
ELRC-5181-Official_Parliament_	v1	2022-11-02	61011	123328	3220730	2	1	CC-BY-4.0
ELRA-W0241	v1	2020-05-16	57576	121016	2355786	2	1	unknown
WMT-News	v2014	2018-03-04	210784	118946	2850577	7	16	unknown
ELRC-wikipedia_health	v1	2022-11-07	2140423	118464	2834536	52	1320	CC-BY-SA-3.0
ELRC-489-Secretariat_General_	v1	2022-11-02	55184	112462	3098812	2	1	publicDomain
ELRA-W0190	v1	2020-05-14	55184	112462	3091525	2	1	publicDomain
ELRA-W0220	v1	2020-05-14	53843	111152	1968028	2	1	CC-BY-4.0
ELRC-724-Hallituskausi_2007_2	v1	2022-11-02	53843	111152	1960723	2	1	CC-BY-4.0
ELRC-vnk.fi	v1	2022-11-07	84627	110546	1984650	3	3	openUnder-PSI
ELRC-642-Federal_Foreign_Berl	v1	2022-11-02	53849	109874	2100865	2	1	openUnder-PSI
ELRC-768-corpora_State_Admini	v1	2022-11-02	52140	106227	2595722	2	1	openUnder-PSI
XhosaNavy	v1	2018-03-04	50098	104711	1447482	2	1	unknown
ELRC-1805-Norwegian_Bokml_Ames	v1	2022-10-30	48997	100715	1740222	2	1	CC0-1.0
ELRC-1769-valtioneuvosto.fi	v1	2022-10-30	49316	98788	1634892	2	1	openUnder-PSI
ELRC-1770-valtioneuvosto.fi	v1	2022-10-30	49083	98334	1840876	2	1	openUnder-PSI
ELRC-429-Legal_Estonian_Justi	v1	2022-11-02	47255	94944	2381589	2	1	CC-BY-4.0
ELRA-W0167	v1	2020-05-14	47255	94944	2377336	2	1	CC-BY-4.0
ELRC-1133-www.vtv.fi	v1	2022-10-29	46500	93031	1904625	2	1	openUnder-PSI
ELRC-1102-EUIPO_list	v1	2022-10-29	45053	90106	532139	2	1	publicDomain
ELRA-W0151	v1	2020-05-14	45053	90106	530628	2	1	publicDomain
ELRC-1098-EUIPO_list	v1	2022-10-29	44470	88940	535345	2	1	publicDomain
ELRA-W0148	v1	2020-05-14	44470	88940	533442	2	1	publicDomain
ELRC-1104-EUIPO_list	v1	2022-10-29	44439	88878	527856	2	1	publicDomain
ELRA-W0152	v1	2020-05-14	44439	88878	527330	2	1	publicDomain
ELRC-735-www.norden.org	v1	2022-11-02	42741	85712	1447944	2	1	openUnder-PSI
ELRC-1127-www.vtv.fi	v1	2022-10-29	42723	85485	1548781	2	1	openUnder-PSI
ELRC-Federal_Foreign	v1	2022-11-07	215049	85135	1616577	4	3	openUnder-PSIopenUnder-PSI
komi	v1	2019-10-11	35407	84711	1396035	2	1	unknown
ELRC-1078-EUIPO_law	v1	2022-10-29	31635	84287	3148889	2	1	CC-BY-NC-4.0
ELRC-399-International_Agreem	v1	2022-11-01	40896	83101	2075872	2	1	CC-BY-SA-4.0
ELRA-W0158	v1	2020-05-16	40896	83101	2070842	2	1	unknown
ELRC-728-www.norden.org	v1	2022-11-02	41072	82539	1532306	2	1	openUnder-PSI
ELRC-4327-Government_Offices_I	v1	2022-11-02	36289	79161	1856854	2	1	CC-BY-4.0
WikiSource	v1	2018-03-04	34989	78358	1797071	2	1	unknown
ELRC-www.visitestonia.com	v1	2022-11-07	636264	77539	967966	5	10	openUnder-PSI
ELRC-5129-GEnCaTA_a	v1	2022-11-05	38595	77291	1943450	2	1	CC0-1.0
ELRC-734-www.norden.org	v1	2022-11-02	37762	75800	1508366	2	1	openUnder-PSI
ELRC-847-mst.dk	v1	2022-11-02	36749	75506	1412571	2	1	openUnder-PSI
ELRC-730-www.norden.org	v1	2022-11-02	36625	73413	1509503	2	1	openUnder-PSI
ELRC-www.vero.fi	v1	2022-11-07	59627	70142	1127718	3	3	openUnder-PSI
ELRC-1101-EUIPO_list	v1	2022-10-29	35017	70034	389656	2	1	publicDomain
ELRA-W0150	v1	2020-05-14	35017	70034	389570	2	1	publicDomain
ELRC-1772-vnk.fi	v1	2022-10-31	33626	67383	1306461	2	1	openUnder-PSI
ELRC-1945-Italian_legal_termin	v1	2022-10-30	31551	67343	1577869	2	1	openUnder-PSI
ELRC-591-www.lb.lt	v1	2022-11-02	33260	67334	1363065	2	1	openUnder-PSI
ECDC	v2016-03-16	2023-01-13	683218	65844	1087269	25	300	custom license
ELRA-W0221	v1	2020-05-14	31483	64416	1085673	2	1	CC-BY-4.0
ELRC-725-Hallituskausi_2011_2	v1	2022-11-02	31483	64416	1081491	2	1	CC-BY-4.0
ELRC-1096-EUIPO_list	v1	2022-10-29	32182	64364	360322	2	1	publicDomain
ELRA-W0147	v1	2020-05-14	32182	64364	359326	2	1	publicDomain
ELRC-1100-EUIPO_list	v1	2022-10-29	31629	63258	348645	2	1	publicDomain
ELRA-W0149	v1	2020-05-14	31629	63258	348277	2	1	publicDomain
ELRC-1771-vnk.fi	v1	2022-10-31	31526	63193	1090083	2	1	openUnder-PSI
ELRC-817-Swedish_Audit_Riksre	v1	2022-11-02	30351	61439	1150289	2	1	publicDomain
ELRC-1092-EUIPO_list	v1	2022-10-29	30485	60970	314451	2	1	publicDomain
ELRA-W0143	v1	2020-05-14	30485	60970	314364	2	1	publicDomain
ELRC-1093-EUIPO_list	v1	2022-10-29	29841	59682	339222	2	1	publicDomain
ELRA-W0144	v1	2020-05-14	29841	59682	338041	2	1	publicDomain
ELRC-1095-EUIPO_list	v1	2022-10-29	29788	59576	332639	2	1	publicDomain
ELRA-W0146	v1	2020-05-14	29788	59576	332563	2	1	publicDomain
ELRC-939-vp2006_2016.presiden	v1	2022-11-02	29559	59176	1288222	2	1	openUnder-PSI
ELRC-1094-EUIPO_list	v1	2022-10-29	29346	58692	336012	2	1	publicDomain
ELRA-W0145	v1	2020-05-14	29346	58692	335557	2	1	publicDomain
ELRC-1061-www.riksrevisjonen.n	v1	2022-10-29	52003	57224	1334531	2	1	openUnder-PSI
ELRC-729-www.norden.org	v1	2022-11-02	28540	57167	1151011	2	1	openUnder-PSI
ELRC-975-Science_Poland	v1	2022-11-02	28133	56527	1154447	2	1	openUnder-PSI
ELRA-W0287	v1	2020-05-14	28133	56527	1154191	2	1	openUnder-PSI
ELRC-EC_EUROPA	v1	2022-11-07	770857	56089	1320536	24	276	CC-BY-4.0
ELRC-431-Estonian_Foreign_Aff	v1	2022-11-02	27897	55908	1120107	2	1	CC-BY-4.0
ELRA-W0168	v1	2020-05-14	27897	55908	1116617	2	1	CC-BY-4.0
ELRC-559-www.npd.no	v1	2022-11-02	26324	52778	763401	2	1	openUnder-PSI
ELRC-1087-German_Foreign_Offic	v1	2022-10-29	24931	50686	1015961	2	1	openUnder-PSI
ELRC-1089-German_Foreign_Offic	v1	2022-10-29	24727	50669	948035	2	1	openUnder-PSI
ELRC-3577-EUR_LEX_covid	v1	2022-11-01	23182	48140	1520966	2	1	CC-BY-4.0
ELRC-3569-EUR_LEX_covid	v1	2022-11-01	23767	47736	1652662	2	1	CC-BY-4.0
ELRC-3571-EUR_LEX_covid	v1	2022-11-01	23333	47081	1591336	2	1	CC-BY-4.0
ELRC-3556-EUR_LEX_covid	v1	2022-11-01	22009	47035	1344689	2	1	CC-BY-4.0
ELRC-3565-EUR_LEX_covid	v1	2022-11-01	23306	47020	1445249	2	1	CC-BY-4.0
ELRC-www.turku.fi	v1	2022-11-07	293611	46911	579973	3	3	openUnder-PSI
ELRC-3563-EUR_LEX_covid	v1	2022-11-01	23009	46582	1475559	2	1	CC-BY-4.0
ELRC-3562-EUR_LEX_covid	v1	2022-11-01	23023	46343	1508994	2	1	CC-BY-4.0
ELRA-W0160	v1	2020-05-14	21224	46175	548203	2	1	CC-BY-SA-4.0
ELRC-405-President_Lithuania	v1	2022-11-01	21224	46175	547119	2	1	CC-BY-SA-4.0
ELRC-848-laegemiddelstyrelsen	v1	2022-11-02	22699	46119	860480	2	1	openUnder-PSI
ELRC-3570-EUR_LEX_covid	v1	2022-11-01	22478	45868	1311128	2	1	CC-BY-4.0
ELRC-850-www.dst.dk	v1	2022-11-02	22816	45755	1021417	2	1	openUnder-PSI
ELRC-3578-EUR_LEX_covid	v1	2022-11-01	22475	45653	1310563	2	1	CC-BY-4.0
ELRC-3564-EUR_LEX_covid	v1	2022-11-01	22636	45498	1328574	2	1	CC-BY-4.0
ELRC-3561-EUR_LEX_covid	v1	2022-11-01	22518	45369	1495331	2	1	CC-BY-4.0
ELRC-3574-EUR_LEX_covid	v1	2022-11-01	22444	45342	1333077	2	1	CC-BY-4.0
ELRC-3558-EUR_LEX_covid	v1	2022-11-01	22470	45327	1439801	2	1	CC-BY-4.0
ELRC-3575-EUR_LEX_covid	v1	2022-11-01	22115	45301	1337198	2	1	CC-BY-4.0
ELRC-3576-EUR_LEX_covid	v1	2022-11-01	22380	45175	1364930	2	1	CC-BY-4.0
ELRC-3566-EUR_LEX_covid	v1	2022-11-01	22270	45090	1335509	2	1	CC-BY-4.0
ELRC-2037-www.vero.fi	v1	2022-10-30	22316	44776	785645	2	1	openUnder-PSI
ELRC-411-Bank_Estonia	v1	2022-11-01	22307	44649	673128	2	1	CC-BY-4.0
ELRC-3572-EUR_LEX_covid	v1	2022-11-01	22035	44280	1208930	2	1	CC-BY-4.0
ELRC-3559-EUR_LEX_covid	v1	2022-11-01	21741	43656	1173347	2	1	CC-BY-4.0
ELRC-statistical_reports	v1	2022-11-07	23607	43537	1234993	3	3	openUnder-PSIopenUnder-PSI
ELRC-651-government_websites_	v1	2022-11-02	21340	43433	944520	2	1	openUnder-PSI
ELRA-W0204	v1	2020-05-16	21340	43433	935119	2	1	unknown
ELRC-3568-EUR_LEX_covid	v1	2022-11-01	21389	43427	1185414	2	1	CC-BY-4.0
ELRA-W0243	v1	2020-05-14	21515	43402	336149	2	1	openUnder-PSI
ELRC-842-Quarterly_Reports_Pa	v1	2022-11-02	21515	43402	335539	2	1	openUnder-PSI
ELRC-863-government_websites_	v1	2022-11-02	21007	42919	922630	2	1	openUnder-PSI
ELRC-3567-EUR_LEX_covid	v1	2022-11-01	21238	42739	1349042	2	1	CC-BY-4.0
ELRC-2036-www.vero.fi	v1	2022-10-30	21284	42667	670625	2	1	openUnder-PSI
ELRC-3573-EUR_LEX_covid	v1	2022-11-01	20992	42168	1412051	2	1	CC-BY-4.0
ELRC-1090-German_Foreign_Offic	v1	2022-10-29	20554	41966	770722	2	1	openUnder-PSI
ELRC-1177-EUIPO_2017	v1	2022-10-29	20297	41717	1107201	2	1	CC-BY-SA-4.0
ELRC-1175-EUIPO_2017	v1	2022-10-29	20026	40674	1068513	2	1	CC-BY-SA-4.0
ELRC-1180-EUIPO_2017	v1	2022-10-30	19766	40059	1001806	2	1	CC-BY-SA-4.0
ELRC-1176-EUIPO_2017	v1	2022-10-29	19609	39939	1053780	2	1	CC-BY-SA-4.0
ELRC-417-Swedish_Work_Environ	v1	2022-11-02	19007	38336	582478	14	66	publicDomain
ELRC-4324-Government_Offices_I	v1	2022-11-02	18184	38234	813971	2	1	CC-BY-4.0
ELRC-943-Journal_Croatian_Ass	v1	2022-11-02	18477	38088	727568	2	1	CC-BY-4.0
ELRA-W0273	v1	2020-05-14	18477	38088	720110	2	1	CC-BY-4.0
ELRC-1973-Italian_legal_termin	v1	2022-10-30	16008	36980	948913	2	1	openUnder-PSI
ELRC-Finnish_Information	v1	2022-11-07	435766	36966	424115	4	6	CC-BY-4.0CC-BY-4.0
ELRC-2638-monumentos_2007	v1	2022-11-12	14969	36327	805056	12	33	CC-BY-NC-4.0
ELRC-1015-Croatian_Mine_Action	v1	2022-10-29	17601	36297	663826	2	1	openUnder-PSI
ELRA-W0131	v1	2020-05-14	17601	36297	647126	2	1	openUnder-PSI
ALT	v2019	2023-02-16	18088	36292	1276576	2	1	CC-BY 4.0
ELRC-1084-Agencia_Tributaria	v1	2022-10-29	16270	36155	959196	2	1	publicDomain
ELRC-1174-EUIPO_2017	v1	2022-10-29	17204	35598	802845	2	1	CC-BY-SA-4.0
ELRC-1178-EUIPO_2017	v1	2022-10-29	17489	35440	808655	2	1	CC-BY-SA-4.0
ELRC-2032-www.turku.fi	v1	2022-10-30	17673	35386	421533	2	1	openUnder-PSI
ELRC-427-Electronic_Exchange_	v1	2022-11-02	17356	35348	297329	2	1	openUnder-PSI
ELRC-393-Estonian_Cabinet_Min	v1	2022-11-01	17296	35083	513098	2	1	CC-BY-4.0
ELRA-W0154	v1	2020-05-14	17296	35083	500762	2	1	CC-BY-4.0
ELRC-2018-EUIPO_2017	v1	2022-10-30	17443	34897	1091282	2	1	CC-BY-SA-4.0
ELRC-2023-EUIPO_2017	v1	2022-10-30	17329	34660	1083161	2	1	CC-BY-SA-4.0
ELRC-2013-EUIPO_2017	v1	2022-10-30	17268	34570	977520	2	1	CC-BY-SA-4.0
ELRC-2022-EUIPO_2017	v1	2022-10-30	17254	34524	921907	2	1	CC-BY-SA-4.0
ELRC-2024-EUIPO_2017	v1	2022-10-30	17237	34500	976877	2	1	CC-BY-SA-4.0
ELRC-2020-EUIPO_2017	v1	2022-10-30	17219	34448	1013273	2	1	CC-BY-SA-4.0
ELRC-2014-EUIPO_2017	v1	2022-10-30	17144	34317	942188	2	1	CC-BY-SA-4.0
ELRC-2021-EUIPO_2017	v1	2022-10-30	17132	34279	895178	2	1	CC-BY-SA-4.0
ELRC-2025-EUIPO_2017	v1	2022-10-30	17107	34232	1001307	2	1	CC-BY-SA-4.0
ELRC-2019-EUIPO_2017	v1	2022-10-30	17037	34082	923047	2	1	CC-BY-SA-4.0
ELRC-2026-EUIPO_2017	v1	2022-10-30	16946	33899	884051	2	1	CC-BY-SA-4.0
ELRC-2543-Inteliterm	v1	2022-11-12	13966	33787	432346	2	1	CC-BY-NC-4.0
ELRC-2016-EUIPO_2017	v1	2022-10-30	16863	33739	840203	2	1	CC-BY-SA-4.0
ELRA-W0244	v1	2020-05-14	16285	33719	709318	2	1	CC-BY-SA-4.0
ELRC-843-collection_reports_G	v1	2022-11-02	16285	33719	708659	2	1	CC-BY-SA-4.0
ELRC-2614-Localidades_2007	v1	2022-11-12	13823	33653	1045891	8	25	CC-BY-NC-4.0
ELRC-2017-EUIPO_2017	v1	2022-10-30	16801	33609	822367	2	1	CC-BY-SA-4.0
ELRC-937-vp1992_2001.presiden	v1	2022-11-02	16714	33527	692094	2	1	openUnder-PSI
ELRC-1179-EUIPO_2017	v1	2022-10-29	16312	33240	726948	2	1	CC-BY-SA-4.0
ELRA-W0214	v1	2020-05-14	16243	33168	242637	2	1	CC-BY-2.0
ELRC-774-Presidency	v1	2022-11-02	16474	33049	934049	2	1	openUnder-PSI
ELRC-2015-EUIPO_2017	v1	2022-10-30	16439	32886	923531	2	1	CC-BY-SA-4.0
ELRC-1256-government_websites_	v1	2022-10-30	15797	32083	774565	2	1	openUnder-PSI
ELRC-2461-press_releases_Forei	v1	2022-10-30	15998	32011	669045	2	1	openUnder-PSI
ELRC-2012-EUIPO_2017	v1	2022-10-30	15944	31890	811787	2	1	CC-BY-SA-4.0
ELRC-637-SIP	v1	2022-11-02	25868	31509	742818	5	7	openUnder-PSI
ELRC-3083-wikipedia_health	v1	2022-11-01	15129	30336	718936	2	1	CC-BY-SA-3.0
ELRC-2612-Artigos_visitportuga	v1	2022-11-12	12688	30270	780755	12	33	CC-BY-NC-4.0
ELRC-674-Polish_Investment_Tr	v1	2022-11-02	14736	29624	565907	2	1	openUnder-PSI
ELRA-W0212	v1	2020-05-16	14736	29624	565795	2	1	unknown
ELRC-1128-www.visitestonia.com	v1	2022-10-29	14615	29238	362211	2	1	openUnder-PSI
ELRC-913-2018_Proposal_a	v1	2022-11-02	14195	28965	734487	2	1	openUnder-PSI
ELRA-W0263	v1	2020-05-14	14195	28965	726116	2	1	openUnder-PSI
ELRC-1131-www.visitestonia.com	v1	2022-10-29	14334	28678	400389	2	1	openUnder-PSI
ELRC-1129-www.visitestonia.com	v1	2022-10-29	13918	27859	347562	2	1	openUnder-PSI
ELRC-1130-www.visitestonia.com	v1	2022-10-29	13840	27727	373999	2	1	openUnder-PSI
ELRA-W0195	v1	2020-05-14	13024	27518	525962	2	1	CC-BY-4.0
ELRC-2887-EU_publications_medi	v1	2022-11-01	13163	27404	751412	2	1	CC-BY-4.0
ELRC-2866-EU_publications_medi	v1	2022-10-31	12836	27277	689241	2	1	CC-BY-4.0
ELRC-2875-EU_publications_medi	v1	2022-11-01	13291	27050	716151	2	1	CC-BY-4.0
ELRC-2873-EU_publications_medi	v1	2022-11-01	13149	26827	734160	2	1	CC-BY-4.0
ELRC-2877-EU_publications_medi	v1	2022-11-01	13242	26694	716778	2	1	CC-BY-4.0
ELRC-2886-EU_publications_medi	v1	2022-11-01	13208	26687	702251	2	1	CC-BY-4.0
ELRC-2881-EU_publications_medi	v1	2022-11-01	13195	26686	792017	2	1	CC-BY-4.0
ELRC-2888-EU_publications_medi	v1	2022-11-01	13044	26643	671146	2	1	CC-BY-4.0
ELRC-2868-EU_publications_medi	v1	2022-11-01	13191	26636	737100	2	1	CC-BY-4.0
ELRC-2874-EU_publications_medi	v1	2022-11-01	13160	26536	683325	2	1	CC-BY-4.0
ELRC-2884-EU_publications_medi	v1	2022-11-01	13099	26497	679732	2	1	CC-BY-4.0
ELRC-2876-EU_publications_medi	v1	2022-11-01	13025	26487	689737	2	1	CC-BY-4.0
ELRC-2883-EU_publications_medi	v1	2022-11-01	13148	26477	767165	2	1	CC-BY-4.0
ELRC-2879-EU_publications_medi	v1	2022-11-01	13149	26464	802868	2	1	CC-BY-4.0
ELRC-2872-EU_publications_medi	v1	2022-11-01	13091	26395	755167	2	1	CC-BY-4.0
ELRC-2871-EU_publications_medi	v1	2022-11-01	13059	26346	757905	2	1	CC-BY-4.0
ELRC-2880-EU_publications_medi	v1	2022-11-01	12926	26248	666205	2	1	CC-BY-4.0
ELRC-2882-EU_publications_medi	v1	2022-11-01	13016	26236	632628	2	1	CC-BY-4.0
ELRC-Information_Portal	v1	2022-11-07	13109	26129	469662	3	3	publicDomainpublicDomain
ELRC-4295-www.malfong.is	v1	2022-11-02	12633	26127	612343	2	1	CC-BY-4.0
ELRC-2885-EU_publications_medi	v1	2022-11-01	12761	26058	679109	2	1	CC-BY-4.0
ELRC-2869-EU_publications_medi	v1	2022-11-01	12942	26050	618336	2	1	CC-BY-4.0
ELRC-1088-German_Foreign_Offic	v1	2022-10-29	12555	25637	499115	2	1	openUnder-PSI
ELRC-2878-EU_publications_medi	v1	2022-11-01	12580	25523	623530	2	1	CC-BY-4.0
ELRA-W0203	v1	2020-05-16	12509	25305	637511	2	1	unknown
ELRC-649-Greek_administration	v1	2022-11-02	12509	25305	637290	2	1	openUnder-PSI
ELRA-W0234	v1	2020-05-16	9259	25266	426042	2	1	unknown
ELRC-851-www.vikingeskibsmuse	v1	2022-11-02	12403	24935	455114	2	1	openUnder-PSI
ELRC-530-nmh.no	v1	2022-11-02	12371	24752	227534	2	1	NLOD-1.0
ELRC-930-studies_reports_stat	v1	2022-11-02	12042	24455	557314	2	1	openUnder-PSI
ELRA-W0270	v1	2020-05-14	12042	24455	556902	2	1	openUnder-PSI
ELRC-788-Croatian_Bank	v1	2022-11-02	11707	24375	509487	2	1	openUnder-PSI
ELRA-W0226	v1	2020-05-14	11707	24375	499576	2	1	openUnder-PSI
ELRC-641-Federal_Foreign_Berl	v1	2022-11-02	11852	24050	497241	2	1	openUnder-PSI
ELRC-630-BMVI_Publications	v1	2022-11-02	11555	23910	444677	2	1	openUnder-PSI
ELRA-W0197	v1	2020-05-16	11555	23910	444546	2	1	unknown
ELRC-924-statistical_reports_	v1	2022-11-02	11859	23811	647263	2	1	openUnder-PSI
ELRA-W0267	v1	2020-05-14	11859	23811	647223	2	1	openUnder-PSI
ELRC-915-statistical_reports_	v1	2022-11-02	11737	23699	688226	2	1	openUnder-PSI
ELRA-W0264	v1	2020-05-14	11737	23699	678934	2	1	openUnder-PSI
ELRC-921-studies_challenges_C	v1	2022-11-02	11780	23698	659148	2	1	openUnder-PSI
ELRA-W0266	v1	2020-05-14	11780	23698	653495	2	1	openUnder-PSI
ELRC-2481-Constituio_da_Repbli	v1	2022-10-31	9275	23485	242601	7	11	publicDomain
ELRC-715-Finance_Economics_Ba	v1	2022-11-02	11599	23225	616031	2	1	CC-BY-SA-4.0
ELRA-W0216	v1	2020-05-14	11599	23225	614493	2	1	CC-BY-SA-4.0
ELRC-802-Swedish_Competition_	v1	2022-11-02	11373	22838	311485	2	1	openUnder-PSI
ELRC-3610-presscorner_covid	v1	2022-11-01	11360	22779	694307	2	1	CC-BY-4.0
ELRC-664-administration	v1	2022-11-02	11262	22685	529175	2	1	openUnder-PSI
ELRA-W0211	v1	2020-05-16	11262	22685	524476	2	1	unknown
ELRC-1086-Information_Portal_G	v1	2022-10-29	11280	22592	402617	2	1	openUnder-PSI
ELRC-816-ANR_containing_major	v1	2022-11-02	11054	22126	532079	2	1	openUnder-PSI
ELRC-919-akadeemia.ee	v1	2022-11-02	10900	21854	370691	2	1	openUnder-PSI
ELRA-W0265	v1	2020-05-14	10900	21854	368550	2	1	openUnder-PSI
ELRC-4338-University_Iceland	v1	2022-11-02	10162	21459	372657	2	1	CC-BY-4.0
ELRC-1158-Official_Tourism_Por	v1	2022-10-29	10616	21419	356160	2	1	openUnder-PSI
ELRC-antibiotic	v1	2022-11-07	3280826	21401	431231	26	325	CC-BY-4.0
ELRC-849-ufm.dk	v1	2022-11-02	10053	20608	418998	2	1	openUnder-PSI
ELRC-3606-presscorner_covid	v1	2022-11-01	10270	20600	555117	2	1	CC-BY-4.0
ELRC-2438-www.citizensinformat	v1	2022-10-30	10297	20598	388153	2	1	CC-BY-4.0
ELRC-540-nofima.no	v1	2022-11-02	10291	20597	340858	2	1	NLOD-1.0
ELRC-4334-Rkiskaup_2020	v1	2022-11-02	10235	20522	162421	2	1	CC-BY-4.0
ELRC-928-Annual_Reports_Swedi	v1	2022-11-02	10226	20492	361674	2	1	openUnder-PSI
ELRA-W0217	v1	2020-05-14	9941	20065	237231	2	1	CC-BY-4.0
ELRC-716-Finnish_Information_	v1	2022-11-02	9941	20065	237149	2	1	CC-BY-4.0
ELRC-2616-Museus_2007	v1	2022-11-12	7894	20037	591903	9	27	CC-BY-NC-4.0
ELRC-521-www.npolar.no	v1	2022-11-02	9983	19968	274081	2	1	openUnder-PSI
ELRC-2033-www.turku.fi	v1	2022-10-30	9705	19445	270574	2	1	openUnder-PSI
ELRC-2615-Localidades_2007_Par	v1	2022-11-12	8587	18932	616794	5	10	CC-BY-NC-4.0
ELRC-864-Chancellery_Prime_Mi	v1	2022-11-02	9384	18931	316161	2	1	openUnder-PSI
ELRA-W0249	v1	2020-05-14	9384	18931	316104	2	1	openUnder-PSI
ELRC_2923	v1	2020-07-01	9388	18872	567937	24	23	'CC-BY-4.0'
ELRC-Regional_Development	v1	2022-11-07	163287	18532	388161	3	3	openUnder-PSIopenUnder-PSI
ELRC-Rural_Development	v1	2022-11-07	114193	18480	403893	3	3	openUnder-PSIopenUnder-PSI
ELRC_416	v1	2020-07-01	9139	18344	128225	10	40	'Public\ Domain'
ELRC-416-Swedish_Social_Secur	v1	2022-11-02	9139	18344	127837	10	40	publicDomain
ELRC-5182-Official_Parliament_	v1	2022-11-02	8799	17654	462766	2	1	CC-BY-4.0
ELRC-1082-CNIO	v1	2022-10-29	7441	17328	493761	2	1	publicDomain
ELRC-592-kam.lt	v1	2022-11-02	8530	17298	406499	2	1	openUnder-PSI
ELRC-634-BMI_Brochures_2011	v1	2022-11-02	8408	17262	313568	2	1	openUnder-PSI
ELRA-W0200	v1	2020-05-16	8408	17262	313354	2	1	unknown
ELRC-Swedish_Migration	v1	2022-11-07	149222	17258	301092	3	3	publicDomainpublicDomain
ELRC-2613-Artigos_visitportuga	v1	2022-11-12	8174	17219	464938	5	10	CC-BY-NC-4.0
ELRC-1072-annual_reports_immig	v1	2022-10-29	8040	16990	338007	2	1	openUnder-PSI
ELRA-W0239	v1	2020-05-14	8365	16801	294196	2	1	publicDomain
ELRC-829-Swedish_Migration_Bo	v1	2022-11-02	8365	16801	293601	2	1	publicDomain
ELRC-717-Finnish_Information_	v1	2022-11-02	8321	16722	199160	2	1	CC-BY-4.0
ELRA-W0218	v1	2020-05-14	8321	16722	199097	2	1	CC-BY-4.0
ELRC-1062-rigsrevisionen.dk	v1	2022-10-29	8233	16577	359618	2	1	openUnder-PSI
ELRC-2442-_Chonradh_Ginearlta	v1	2022-10-30	8109	16425	401320	2	1	openUnder-PSI
ELRC-2541-Regional_Development	v1	2022-10-30	7910	16053	343301	2	1	openUnder-PSI
ELRC-435-Romanian_New_Crimina	v1	2022-11-02	6495	15965	300702	2	1	CC-BY-4.0
ELRA-W0170	v1	2020-05-16	6495	15965	300662	2	1	unknown
ELRC-EUROPARL_covid	v1	2022-11-07	2143459	15394	415516	24	276	CC-BY-4.0
ELRC-5060-A_mix_annual	v1	2022-11-02	6588	14971	338248	2	1	publicDomain
ELRC-3616-presscorner_covid	v1	2022-11-01	7300	14830	368916	2	1	CC-BY-4.0
ELRC-3080-wikipedia_health	v1	2022-11-01	7292	14651	335149	2	1	CC-BY-SA-3.0
ELRC-3612-presscorner_covid	v1	2022-11-01	7296	14639	414855	2	1	CC-BY-4.0
ELRC-3604-presscorner_covid	v1	2022-11-01	7194	14460	375451	2	1	CC-BY-4.0
ELRC-402-MFA_Latvia	v1	2022-11-01	7194	14436	409537	2	1	CC-BY-SA-4.0
ELRA-W0159	v1	2020-05-14	7194	14436	409293	2	1	CC-BY-SA-4.0
ELRC-3613-presscorner_covid	v1	2022-11-01	7089	14236	321405	2	1	CC-BY-4.0
ELRC-3611-presscorner_covid	v1	2022-11-01	6981	14097	339275	2	1	CC-BY-4.0
ELRC-904-uk.fm.dk	v1	2022-11-02	6948	14053	225572	2	1	openUnder-PSI
ELRC-3617-presscorner_covid	v1	2022-11-01	6994	14036	350083	2	1	CC-BY-4.0
ELRC-940-president.ee	v1	2022-11-02	6937	13960	274504	2	1	openUnder-PSI
ELRC-3615-presscorner_covid	v1	2022-11-01	6855	13805	338605	2	1	CC-BY-4.0
ELRA-W0169	v1	2020-05-14	6861	13799	273294	2	1	CC-BY-SA-4.0
ELRA-W0222	v1	2020-05-14	6818	13711	176531	2	1	CC-BY-4.0
ELRC-744-Finnish_Information_	v1	2022-11-02	6818	13711	176434	2	1	CC-BY-4.0
ELRC-436-Swedish_Food	v1	2022-11-02	6842	13701	221890	6	13	publicDomain
ELRC-3599-presscorner_covid	v1	2022-11-01	6810	13662	357805	2	1	CC-BY-4.0
ELRC-1000-legislation_Bulgaria	v1	2022-10-29	4609	13643	250947	2	1	openUnder-PSI
ELRC-3600-presscorner_covid	v1	2022-11-01	6759	13555	298675	2	1	CC-BY-4.0
ELRC-401-Swedish_Labour_Part2	v1	2022-11-01	6654	13503	179892	6	15	publicDomain
ELRC-3618-presscorner_covid	v1	2022-11-01	6714	13483	361757	2	1	CC-BY-4.0
ELRC-3602-presscorner_covid	v1	2022-11-01	6721	13481	375957	2	1	CC-BY-4.0
ELRC-3619-presscorner_covid	v1	2022-11-01	6685	13453	321833	2	1	CC-BY-4.0
ELRA-W0297	v1	2020-05-16	6480	13443	278498	2	1	unknown
ELRC-3597-presscorner_covid	v1	2022-11-01	6644	13405	330442	2	1	CC-BY-4.0
ELRC-3603-presscorner_covid	v1	2022-11-01	6634	13353	361999	2	1	CC-BY-4.0
ELRC-84-Dutch_Government	v1	2022-11-02	6535	13341	198967	2	1	CC0-1.0
ELRC-519-www.ssb.no	v1	2022-11-02	6602	13312	231448	2	1	CC-BY-4.0
ELRC-3607-presscorner_covid	v1	2022-11-01	6598	13298	327847	2	1	CC-BY-4.0
ELRC-3609-presscorner_covid	v1	2022-11-01	6461	13159	299608	2	1	CC-BY-4.0
sardware	v1	2019-01-14	6150	13106	84695	2	1	unknown
ELRC-2641-Praias_2007	v1	2022-11-12	5663	13087	422945	7	12	CC-BY-NC-4.0
ELRC-2457-Estonian_Classificat	v1	2022-10-30	6437	12874	124194	2	1	CC-BY-SA-3.0
ELRC-1073-annual_reports_Slova	v1	2022-10-29	6007	12801	272833	2	1	openUnder-PSI
ELRC-3614-presscorner_covid	v1	2022-11-01	6318	12686	354853	2	1	CC-BY-4.0
ELRC-Press_Releases	v1	2022-11-07	146397	12654	287196	3	2	publicDomain
ELRC-3608-presscorner_covid	v1	2022-11-01	6261	12588	335305	2	1	CC-BY-4.0
ELRC-3605-presscorner_covid	v1	2022-11-01	6228	12505	305397	2	1	CC-BY-4.0
ELRC-923-chapters_Youth_2010	v1	2022-11-02	5865	12106	234118	2	1	openUnder-PSI
ELRA-W0178	v1	2020-05-16	5802	12043	323170	2	1	unknown
ELRC-1083-AECOSAN	v1	2022-10-29	5295	11914	329361	2	1	publicDomain
ELRC-477-Health_Fund	v1	2022-11-02	5802	11732	322798	2	1	CC-BY-4.0
ELRC-564-www.aibn.no	v1	2022-11-02	5809	11627	94310	2	1	CC-BY-4.0
ELRC-1819-EIR	v1	2022-10-30	4993	11585	329066	2	1	publicDomain
ELRC-2617-Museus_2007_Part2	v1	2022-11-12	4791	11388	353398	6	12	CC-BY-NC-4.0
ELRC-1074-annual_reports_Stati	v1	2022-10-29	5613	11351	216695	2	1	openUnder-PSI
ELRC-vaccination	v1	2022-11-07	671724	11336	201751	24	276	CC-BY-4.0
ELRC-807-Malta_Government_Gaz	v1	2022-11-02	5397	11219	233479	2	1	openUnder-PSI
ELRA-W0233	v1	2020-05-16	5397	11219	205209	2	1	unknown
ELRC-TERMITUR	v1	2022-11-07	31569	11168	161208	3	2	CC-BY-NC-4.0
ELRC-Localidades_2007	v1	2022-11-07	92207	11075	355571	8	19	CC-BY-NC-4.0
ELRC-945-Business_Poland	v1	2022-11-02	5490	11017	212606	2	1	openUnder-PSI
ELRA-W0274	v1	2020-05-14	5490	11017	212543	2	1	openUnder-PSI
ELRA-W0192	v1	2020-05-16	5280	10894	202407	2	1	unknown
ELRC-491-Romanian_literature	v1	2022-11-02	5280	10894	202233	2	1	CC-BY-4.0
ELRA-W0272	v1	2020-05-14	5322	10855	262114	2	1	openUnder-PSI
ELRC-936-Prime_Minister_Helle	v1	2022-11-02	5322	10855	262041	2	1	openUnder-PSI
ELRC-714-Parliament_Estonia	v1	2022-11-02	5325	10650	239383	2	1	CC-BY-4.0
ELRA-W0215	v1	2020-05-14	5325	10650	238866	2	1	CC-BY-4.0
ELRC-531-www.usn.no	v1	2022-11-02	5264	10535	117965	2	1	NLOD-1.0
ELRC-992-Rural_Development_Pr	v1	2022-11-02	5201	10450	230470	2	1	openUnder-PSI
ELRC-1787-Press_Releases_PIO	v1	2022-10-30	5162	10444	229846	2	1	CC-BY-SA-4.0
ELRC-3077-wikipedia_health	v1	2022-11-01	5114	10291	274180	2	1	CC-BY-SA-3.0
ELRC-535-www.nbim.no	v1	2022-11-02	5079	10159	92436	2	1	NLOD-1.0
ELRC-892-slks.dk	v1	2022-11-02	4955	10029	197635	2	1	openUnder-PSI
ELRC-3560-EUR_LEX_covid	v1	2022-11-01	4723	9665	329619	2	1	CC-BY-4.0
ELRC-2406-Czech_Supreme_Audit	v1	2022-10-30	4770	9609	207605	2	1	publicDomain
ELRC-621-Federal_Constitution	v1	2022-11-02	3970	9565	217797	2	1	publicDomain
ELRC-520-www.hioa.no	v1	2022-11-02	4746	9494	166787	2	1	NLOD-1.0
ELRC-885-www.aarhus2017.dk	v1	2022-11-02	4708	9471	192439	2	1	openUnder-PSI
ELRC-654-Romanian_Ombudsman_a	v1	2022-11-02	4147	9448	229658	2	1	CC-BY-4.0
ELRA-W0206	v1	2020-05-16	4147	9448	229642	2	1	unknown
ELRC-776-by_Presidency_Counci	v1	2022-11-02	4549	9420	276573	2	1	openUnder-PSI
ELRC-Artigos_visitportuga	v1	2022-11-07	67701	9404	241185	12	31	CC-BY-NC-4.0
ELRC-406-Swedish_Labour_Part1	v1	2022-11-01	4632	9299	158280	6	15	publicDomain
ELRC-947-Polish_Aid	v1	2022-11-02	4567	9244	208182	2	1	openUnder-PSI
ELRA-W0275	v1	2020-05-14	4567	9244	208174	2	1	openUnder-PSI
ELRC-949-Polish_Tourism_Organ	v1	2022-11-02	4564	9230	182343	2	1	openUnder-PSI
ELRA-W0276	v1	2020-05-14	4564	9230	182322	2	1	openUnder-PSI
ELRC-775-by_Presidency_Counci	v1	2022-11-02	4478	9150	213593	2	1	openUnder-PSI
ELRC-478-Polish_Food_4	v1	2022-11-02	4334	9127	200664	2	1	CC-BY-4.0
ELRC-PIO_Publication	v1	2022-11-07	17078	9069	214239	3	3	CC-BY-SA-4.0
ELRC-3502-Coronavirus_Law_Pola	v1	2022-11-01	4428	8944	245923	2	1	CC-BY-4.0
ELRC-1992-Rural_Development_Pr	v1	2022-10-30	4185	8915	183982	2	1	openUnder-PSI
ELRC-1081-Forbruker_Europa	v1	2022-10-29	4401	8889	102536	2	1	CC-BY-4.0
ELRC-397-Danish_Higher_Educat	v1	2022-11-01	4394	8826	133705	2	1	CC-BY-NC-4.0
ELRA-W0157	v1	2020-05-14	4394	8826	131284	2	1	CC-BY-NC-4.0
ELRC-3074-wikipedia_health	v1	2022-11-01	4365	8765	223858	2	1	CC-BY-SA-3.0
ELRC-858-Export_Promotion_Por	v1	2022-11-02	4241	8633	151543	2	1	openUnder-PSI
ELRA-W0247	v1	2020-05-16	4241	8633	151472	2	1	unknown
ELRC-3086-wikipedia_health	v1	2022-11-01	4273	8621	246948	2	1	CC-BY-SA-3.0
ELRC-Swedish_Labour	v1	2022-11-07	19022	8474	133204	6	15	publicDomainpublicDomain
ada83	v1	2019-06-14	4122	8421	157981	2	1	unknown
ELRA-W0136	v1	2020-05-14	8040	8359	176627	2	1	openUnder-PSI
ELRC-439-Danish_Higher_Educat	v1	2022-11-02	4148	8335	118090	2	1	CC-BY-NC-4.0
ELRC-1984-Hellenic_Gaming_Comm	v1	2022-10-30	3874	8332	147436	2	1	openUnder-PSI
ELRC-837-Legal	v1	2022-11-02	3355	8292	226483	3	3	publicDomain
ELRC-Portuguese_legislati	v1	2022-11-07	5683	8267	170392	3	2	openUnder-PSI
ELRC-3075-wikipedia_health	v1	2022-11-01	4072	8188	187942	2	1	CC-BY-SA-3.0
ELRC-5219-COVID_19_Parallel	v1	2022-12-01	4056	8158	191252	2	1	CC-BY-3.0
ELRC-893-natmus.dk	v1	2022-11-02	3949	7940	140981	2	1	openUnder-PSI
ELRC-562-www.petoro.no	v1	2022-11-02	3953	7928	159820	2	1	openUnder-PSI
ELRA-W0229	v1	2020-05-14	3638	7740	189295	2	1	publicDomain
ELRC-1815-EIR_Newsletter	v1	2022-10-30	3787	7737	223914	2	1	publicDomain
ELRC-799-Financial_Stability_	v1	2022-11-02	3638	7677	188780	2	1	publicDomain
ELRC-2443-LithrenGrasinOG	v1	2022-10-30	3709	7492	97251	2	1	openUnder-PSI
ELRC-394-Danish_Higher_Educat	v1	2022-11-01	3718	7484	140802	2	1	CC-BY-NC-4.0
ELRC-481-Polish_Foreign_Affai	v1	2022-11-02	3653	7438	176500	2	1	openUnder-PSI
ELRA-W0182	v1	2020-05-14	3653	7438	176493	2	1	openUnder-PSI
ELRC-813-Polish_Foreign_Affai	v1	2022-11-02	3443	7412	207120	2	1	openUnder-PSI
ELRA-W0235	v1	2020-05-14	3443	7412	207086	2	1	openUnder-PSI
ELRC-565-avinor.no	v1	2022-11-02	3652	7356	130080	2	1	NLOD-1.0
ELRC-408-transport	v1	2022-11-01	3623	7280	127645	2	1	publicDomain
ELRC-2642-Praias_2007_Part2	v1	2022-11-12	3534	7235	260463	4	6	CC-BY-NC-4.0
ELRC-Museus_2007	v1	2022-11-07	222494	7099	216559	9	27	CC-BY-NC-4.0
ELRC-583-www.hafslund.no	v1	2022-11-02	3465	7091	130166	2	1	openUnder-PSI
ELRC-483-Polish_Foreign_Affai	v1	2022-11-02	3459	7079	184236	2	1	openUnder-PSI
ELRA-W0184	v1	2020-05-14	3459	7079	184197	2	1	openUnder-PSI
ELRA-W0271	v1	2020-05-14	3470	7047	172828	2	1	openUnder-PSI
ELRC-932-Hellenic_Foreign_Aff	v1	2022-11-02	3470	7047	172538	2	1	openUnder-PSI
ELRC-574-www.barentswatch.no	v1	2022-11-02	3473	6949	116046	2	1	openUnder-PSI
ELRC-951-US_EMBASSY_CONSULATE	v1	2022-11-02	3334	6867	123555	2	1	openUnder-PSI
ELRA-W0277	v1	2020-05-14	3334	6867	123547	2	1	openUnder-PSI
ELRC-2414-Tuarasclaca_Bliantla	v1	2022-10-30	2954	6802	155035	2	1	publicDomain
ELRC-1255-government_websites_	v1	2022-10-30	3319	6751	172014	2	1	openUnder-PSI
ELRC-905-spillemyndigheden.dk	v1	2022-11-02	3354	6735	111086	2	1	openUnder-PSI
ELRC-2502-TERMITUR	v1	2022-11-12	3054	6726	59947	2	1	CC-BY-NC-4.0
ELRC-1814-EIR_SPOS	v1	2022-10-30	3247	6679	198970	2	1	publicDomain
ELRC-541-www.imr.no	v1	2022-11-02	3218	6583	123571	2	1	openUnder-PSI
ELRC-1060-Information_society	v1	2022-10-29	3256	6573	102240	2	1	openUnder-PSI
ELRC-3853-State_Assets	v1	2022-11-01	2769	6570	122553	2	1	CC-BY-4.0
ELRA-W0189	v1	2020-05-14	2895	6529	132543	2	1	publicDomain
ELRC-488-Justice_Slovak	v1	2022-11-02	2895	6529	132543	2	1	publicDomain
Salome	v1	2020-10-02	9426	6446	52725	4	6	CC-BY-SA-3.0
ELRC-3054-wikipedia_health	v1	2022-11-01	3188	6411	161771	2	1	CC-BY-SA-3.0
ELRC-2870-EU_publications_medi	v1	2022-11-01	3093	6385	153923	2	1	CC-BY-4.0
ELRC-856-naturstyrelsen.dk	v1	2022-11-02	3117	6343	117190	2	1	openUnder-PSI
ELRC-3065-wikipedia_health	v1	2022-11-01	3159	6339	148229	2	1	CC-BY-SA-3.0
ELRA-W0137	v1	2020-05-14	6007	6331	147321	2	1	openUnder-PSI
ELRC-989-Foreign_Affairs_Croa	v1	2022-11-02	3102	6283	172789	2	1	openUnder-PSI
ELRA-W0293	v1	2020-05-14	3102	6283	169921	2	1	openUnder-PSI
ELRC-3852-Development_Funds_Re	v1	2022-11-01	2926	6275	127855	5	4	CC-BY-4.0
ELRA-W0188	v1	2020-05-14	2609	6240	125189	2	1	publicDomain
ELRC-487-Culture_Slovak	v1	2022-11-02	2609	6240	125189	2	1	publicDomain
ELRC-475-Polish_Food	v1	2022-11-02	3000	6239	120681	2	1	CC-BY-4.0
ELRA-W0177	v1	2020-05-16	3000	6239	120668	2	1	unknown
ELRA-W0259	v1	2020-05-14	2996	6201	114905	2	1	openUnder-PSI
ELRC-888-Employment_Services_	v1	2022-11-02	2996	6201	114890	2	1	openUnder-PSI
ELRC-859-um.dk	v1	2022-11-02	3054	6170	125595	2	1	openUnder-PSI
ELRC-4992-Customer_Support_MT	v1	2022-11-05	9018	6166	72135	4	6	CC0-1.0
ELRC-1240-Austrian_Research_Te	v1	2022-10-30	2716	6140	150053	2	1	publicDomain
ELRC-857-www.trm.dk	v1	2022-11-02	3014	6139	116627	2	1	openUnder-PSI
ELRC-852-www.dma.dk	v1	2022-11-02	3009	6107	103799	2	1	openUnder-PSI
ELRC-395-Belgian_about_Belgiu	v1	2022-11-01	3021	6095	95604	2	1	publicDomain
ELRC-2405-Czech_Supreme_Audit	v1	2022-10-30	2867	6090	133608	2	1	publicDomain
ELRC-5189-Catalan_WMT2013_Mach	v1	2022-11-05	3000	6069	134933	2	1	CC-BY-4.0
ELRC-573-www.responsiblebusin	v1	2022-11-02	2980	6064	137863	2	1	openUnder-PSI
ELRC-479-Polish_Food_2	v1	2022-11-02	2982	6063	121343	2	1	CC-BY-4.0
ELRA-W0180	v1	2020-05-16	2982	6063	121342	2	1	unknown
ELRC-437-Bulgarian_strategic_	v1	2022-11-02	2989	6018	121745	2	1	publicDomain
ELRC-3470-EC_EUROPA_covid	v1	2022-11-01	2925	6006	158100	2	1	CC-BY-4.0
ELRC-398-Portuguese_legislati	v1	2022-11-01	2995	5990	115512	2	1	openUnder-PSI
ELRC-3555-Law_Higher_Education	v1	2022-11-01	2679	5928	113370	2	1	publicDomain
ELRC-505-www.pfs.is	v1	2022-11-02	2865	5869	134363	2	1	openUnder-PSI
ELRC-956-Central_Statistical	v1	2022-11-02	2691	5855	69735	2	1	openUnder-PSI
ELRA-W0279	v1	2020-05-14	2691	5855	69443	2	1	openUnder-PSI
ELRC-1257-government_websites_	v1	2022-10-30	2840	5792	111438	2	1	openUnder-PSI
ELRC-480-Polish_Food_3	v1	2022-11-02	2842	5782	120296	2	1	CC-BY-4.0
ELRA-W0181	v1	2020-05-16	2842	5782	120225	2	1	unknown
ELRC-3460-EC_EUROPA_covid	v1	2022-11-01	2843	5778	149971	2	1	CC-BY-4.0
ELRC-841-Employment_Poland_20	v1	2022-11-02	2718	5731	165360	2	1	openUnder-PSI
ELRA-W0242	v1	2020-05-14	2718	5731	165234	2	1	openUnder-PSI
ELRC-2497-Tuarascil_Bhliantil_	v1	2022-10-30	2646	5707	80150	2	1	publicDomain
ELRC-609-www.udi.no	v1	2022-11-02	2853	5706	85383	2	1	openUnder-PSI
ELRC-3466-EC_EUROPA_covid	v1	2022-11-01	2803	5700	139780	2	1	CC-BY-4.0
ELRC-Norwegian_Directorat	v1	2022-11-07	12542	5623	77835	3	2	openUnder-PSIopenUnder-PSI
ELRC-2610-Polish_Energy_Conser	v1	2022-10-30	2598	5574	99600	2	1	CC-BY-4.0
ELRA-W0186	v1	2020-05-16	2288	5558	128596	2	1	unknown
ELRA-W0278	v1	2020-05-14	2755	5556	123009	2	1	openUnder-PSI
ELRC-953-Centre_Nuclear_Resea	v1	2022-11-02	2755	5556	111305	2	1	openUnder-PSI
ELRC-3471-EC_EUROPA_covid	v1	2022-11-01	2708	5542	121123	2	1	CC-BY-4.0
ELRC-631-BMVI_Website	v1	2022-11-02	2718	5535	94539	2	1	openUnder-PSI
ELRA-W0198	v1	2020-05-16	2718	5535	94493	2	1	unknown
ELRC-485-Civil_Aviation_Regul	v1	2022-11-02	2266	5498	128055	2	1	publicDomain
ELRC-3043-wikipedia_health	v1	2022-11-01	2734	5489	115811	2	1	CC-BY-SA-3.0
ELRC-844-PAeSI__Administratio	v1	2022-11-08	2659	5478	123803	4	6	publicDomain
ELRC-605-www.altinn.no	v1	2022-11-02	2713	5471	95349	2	1	openUnder-PSI
ELRC-482-Polish_Foreign_Affai	v1	2022-11-02	2223	5448	125534	2	1	openUnder-PSI
ELRA-W0183	v1	2020-05-14	2223	5448	125532	2	1	openUnder-PSI
ELRC-422-Portuguese_legislati	v1	2022-11-02	2688	5395	102311	2	1	openUnder-PSI
ELRC-3049-wikipedia_health	v1	2022-11-01	2679	5385	125929	2	1	CC-BY-SA-3.0
ELRC-3472-EC_EUROPA_covid	v1	2022-11-01	2659	5382	143208	2	1	CC-BY-4.0
ELRC-3478-EC_EUROPA_covid	v1	2022-11-01	2594	5325	123036	2	1	CC-BY-4.0
ELRC-3468-EC_EUROPA_covid	v1	2022-11-01	2638	5303	143645	2	1	CC-BY-4.0
ELRC-1067-PIO_Publication_Wind	v1	2022-10-29	2628	5286	116899	2	1	CC-BY-SA-4.0
ELRC-3458-EC_EUROPA_covid	v1	2022-11-01	2599	5277	109760	2	1	CC-BY-4.0
ELRC-1796-Coalition_Agreement_	v1	2022-10-30	2545	5174	123431	2	1	publicDomain
ELRC-3464-EC_EUROPA_covid	v1	2022-11-01	2556	5155	117129	2	1	CC-BY-4.0
ELRC-3475-EC_EUROPA_covid	v1	2022-11-01	2533	5119	119074	2	1	CC-BY-4.0
ELRC-3474-EC_EUROPA_covid	v1	2022-11-01	2478	5089	113560	2	1	CC-BY-4.0
ELRC-2544-TERMITUR	v1	2022-11-12	2004	5075	108892	2	1	CC-BY-NC-4.0
ELRC-524-www.uib.no	v1	2022-11-02	2494	5070	83484	2	1	CC-BY-4.0
ELRC-3465-EC_EUROPA_covid	v1	2022-11-01	2496	5054	116280	2	1	CC-BY-4.0
ELRC-1020-collection_about_Cyp	v1	2022-10-29	1869	5030	100956	2	1	publicDomain
ELRC-1797-Budget_Belgium	v1	2022-10-30	2490	4985	35216	2	1	publicDomain
ELRC-508-Tilde_Statistics_Ice	v1	2022-11-02	2426	4962	86618	2	1	openUnder-PSI
ELRC-1056-open_broadband_infor	v1	2022-10-29	2389	4961	101994	2	1	openUnder-PSI
ELRA-W0134	v1	2020-05-14	2389	4961	99917	2	1	openUnder-PSI
ELRC-3467-EC_EUROPA_covid	v1	2022-11-01	2437	4948	106963	2	1	CC-BY-4.0
ELRC-867-Defence	v1	2022-11-02	2447	4927	100429	2	1	openUnder-PSI
ELRC-438-Legislation_PT	v1	2022-11-02	2447	4925	95882	2	1	openUnder-PSI
ELRA-W0175	v1	2020-05-16	2343	4910	130351	2	1	unknown
ELRC-473-PKN_Orlen	v1	2022-11-02	2343	4910	130333	2	1	CC-BY-4.0
ELRC-2639-Parques_e_reservas	v1	2022-11-12	1740	4909	156345	6	12	CC-BY-NC-4.0
ELRC-3469-EC_EUROPA_covid	v1	2022-11-01	2408	4886	109783	2	1	CC-BY-4.0
ELRC-3462-EC_EUROPA_covid	v1	2022-11-01	2421	4880	117406	2	1	CC-BY-4.0
ELRC-536-www.fhi.no	v1	2022-11-02	2396	4878	93163	2	1	openUnder-PSI
ELRC-3477-EC_EUROPA_covid	v1	2022-11-01	2406	4863	110697	2	1	CC-BY-4.0
ELRC-1080-Acts_Biological_Land	v1	2022-10-29	2328	4862	141235	2	1	openUnder-PSI
ELRA-W0142	v1	2020-05-14	2328	4862	139816	2	1	openUnder-PSI
ELRC-1058-University_Library_Z	v1	2022-10-29	2309	4853	131295	2	1	openUnder-PSI
ELRA-W0135	v1	2020-05-14	2309	4853	129842	2	1	openUnder-PSI
ELRC-991-Croatian_Journal_Fis	v1	2022-11-02	2407	4853	111681	2	1	CC-BY-ND-3.0
ELRA-W0294	v1	2020-05-14	2407	4853	109674	2	1	CC-BY-ND-3.0
ELRC-3457-EC_EUROPA_covid	v1	2022-11-01	2391	4827	111768	2	1	CC-BY-4.0
ELRC-718-Statistics_Iceland	v1	2022-11-02	2360	4825	84768	2	1	CC-BY-4.0
ELRC-1055-ICT_Transport	v1	2022-10-29	2376	4822	105756	2	1	openUnder-PSI
ELRA-W0133	v1	2020-05-14	2376	4822	103331	2	1	openUnder-PSI
ELRC-3463-EC_EUROPA_covid	v1	2022-11-01	2385	4793	110445	2	1	CC-BY-4.0
ELRC-3057-wikipedia_health	v1	2022-11-01	2367	4756	101468	2	1	CC-BY-SA-3.0
ELRC-2441-_Chonradh_don	v1	2022-10-30	2282	4747	77072	2	1	openUnder-PSI
ELRC-391-Bulgarian_strategic_	v1	2022-11-01	2349	4739	98705	2	1	publicDomain
ELRC-3476-EC_EUROPA_covid	v1	2022-11-01	2337	4730	116313	2	1	CC-BY-4.0
ELRC-537-www.sjofartsdir.no	v1	2022-11-02	2272	4700	86830	2	1	openUnder-PSI
ELRC-801-Coimisineir_Teanga_R	v1	2022-11-02	2323	4669	105709	2	1	openUnder-PSI
ELRA-W0230	v1	2020-05-22	2323	4669	105677	2	1	openUnder-PSI
ELRC-898-Science_Centre	v1	2022-11-02	2296	4636	92641	2	1	openUnder-PSI
ELRA-W0260	v1	2020-05-14	2296	4636	92627	2	1	openUnder-PSI
ELRC-1981-EQF_Referencing_Repo	v1	2022-10-30	2099	4632	86134	2	1	openUnder-PSI
ELRA-W0228	v1	2020-05-14	2186	4606	116327	2	1	publicDomain
ELRC-1243-Vienna_Environmental	v1	2022-10-30	2221	4556	101730	2	1	CC-BY-4.0
ELRC-798-Financial_Stability_	v1	2022-11-02	2186	4555	115978	2	1	publicDomain
ELRC-3461-EC_EUROPA_covid	v1	2022-11-01	2233	4492	115021	2	1	CC-BY-4.0
ELRC-Courts_Norway	v1	2022-11-07	4276	4454	66680	3	3	openUnder-PSIopenUnder-PSI
ELRC-853-Portuguese_Constitut	v1	2022-11-02	1491	4399	74214	2	1	openUnder-PSI
ELRA-W0246	v1	2020-05-14	1491	4399	73504	2	1	openUnder-PSI
ELRA-W0130	v1	2020-05-15	2199	4398	75216	2	1	CC-BY-2.5-SE
ELRC-1013-Sweden_a_Pocket	v1	2022-10-31	2199	4398	75215	2	1	CC-BY-2.5-SE
ELRC-1054-health_care_social	v1	2022-10-29	2096	4333	107846	2	1	openUnder-PSI
ELRC-Praias_2007	v1	2022-11-07	237641	4326	142386	8	15	CC-BY-NC-4.0
ELRC-484-Procurement_2	v1	2022-11-02	1842	4295	123705	2	1	publicDomain
ELRA-W0185	v1	2020-05-16	1842	4295	123538	2	1	unknown
ELRC-3063-wikipedia_health	v1	2022-11-01	2097	4228	85719	2	1	CC-BY-SA-3.0
ELRC-869-Citizens_Information	v1	2022-11-02	2105	4226	78273	2	1	CC-BY-4.0
ELRA-W0251	v1	2020-05-14	2105	4226	78272	2	1	CC-BY-4.0
ELRA-W0176	v1	2020-05-16	2021	4157	127950	2	1	unknown
ELRC-474-Natolin_Centre	v1	2022-11-02	2021	4157	127926	2	1	CC-BY-4.0
ELRC-899-Danish_FSA	v1	2022-11-02	1930	4077	73824	2	1	openUnder-PSI
ELRA-W0205	v1	2020-05-16	1979	4047	92279	2	1	unknown
ELRC-652-Greek_law	v1	2022-11-02	1979	4047	92251	2	1	openUnder-PSI
ELRC-561-Norway_petroleum	v1	2022-11-02	2016	4032	64234	2	1	NLOD-1.0
ELRC-4996-Norwegian_Financial_	v1	2022-11-05	2001	4021	66000	2	1	CC0-1.0
ELRC-4994-Latvian_Financial_MT	v1	2022-11-05	2000	4013	69901	2	1	CC0-1.0
ELRA-W0213	v1	2020-05-14	1952	3999	57951	2	1	publicDomain
ELRC-712-Social_Insurance_Frs	v1	2022-11-02	1952	3999	57915	2	1	publicDomain
ELRC-5191-Auslandsgesellschaft	v1	2022-11-02	1987	3989	57840	2	1	publicDomain
ELRC-3078-wikipedia_health	v1	2022-11-01	1982	3971	96044	2	1	CC-BY-SA-3.0
ELRC-986-Embassy_Finland_Zagr	v1	2022-11-02	1966	3970	73680	2	1	openUnder-PSI
ELRA-W0292	v1	2020-05-14	1966	3970	73204	2	1	openUnder-PSI
ELRA-W0308	v1	2020-05-16	1906	3963	93508	7	21	unknown
ELRC-3088-wikipedia_health	v1	2022-11-01	1967	3962	88564	2	1	CC-BY-SA-3.0
ELRC-897-Denmark_Space_Instit	v1	2022-11-02	1939	3886	89590	2	1	openUnder-PSI
ELRC-486-Procurement_1	v1	2022-11-02	1578	3874	109027	2	1	publicDomain
ELRA-W0187	v1	2020-05-16	1578	3874	108825	2	1	unknown
ELRC-386-Statens_Vegvesen	v1	2022-11-01	1907	3860	46441	2	1	NLOD-1.0
ELRC-538-www.ngu.no	v1	2022-11-02	1907	3826	71326	2	1	NLOD-1.0
ELRC-472-Polish_Central_Stati	v1	2022-11-02	1532	3821	118466	2	1	publicDomain
ELRA-W0174	v1	2020-05-16	1532	3821	117599	2	1	unknown
ELRC-426-Danish_Higher_Educat	v1	2022-11-02	1885	3801	76071	2	1	CC-BY-NC-4.0
ELRC-3058-wikipedia_health	v1	2022-11-01	1870	3765	103846	2	1	CC-BY-SA-3.0
ELRC-793-POLISH_PHRASE_BOOK	v1	2022-11-02	1878	3756	19056	2	1	openUnder-PSI
ELRA-W0227	v1	2020-05-14	1878	3756	19042	2	1	openUnder-PSI
ELRC-1070-Press_Information_Cy	v1	2022-10-29	1862	3755	81008	2	1	CC-BY-SA-4.0
ELRC-3473-EC_EUROPA_covid	v1	2022-11-01	1857	3745	81968	2	1	CC-BY-4.0
ELRC-40-Information_Portal_C	v1	2022-11-01	1827	3721	68205	2	1	publicDomain
ELRC-846-Legislation_Portugue	v1	2022-11-02	1792	3631	85062	2	1	openUnder-PSI
ELRC-4993-Basque_Wikinews_MT	v1	2022-11-05	1788	3630	77917	2	1	CC0-1.0
ELRC-590-www.lrs.lt	v1	2022-11-02	1770	3594	66235	2	1	openUnder-PSI
ELRC-421-Belgian_government	v1	2022-11-02	1777	3584	63134	2	1	CC0-1.0
ELRA-W0280	v1	2020-05-14	1781	3579	75808	2	1	openUnder-PSI
ELRC-958-Centre_Research_Deve	v1	2022-11-02	1781	3579	75808	2	1	openUnder-PSI
ELRC-1970-governmental_about_M	v1	2022-10-30	1434	3493	63085	2	1	openUnder-PSI
ELRC-3601-presscorner_covid	v1	2022-11-01	1708	3423	101048	2	1	CC-BY-4.0
ELRC-805-Udras_na_Gaeltachta	v1	2022-11-02	1691	3386	79088	2	1	openUnder-PSI
ELRC-854-www.geus.dk	v1	2022-11-02	1654	3346	65832	2	1	openUnder-PSI
ELRC-878-Digitization	v1	2022-11-02	1636	3336	90962	2	1	openUnder-PSI
ELRA-W0255	v1	2020-05-14	1636	3336	90951	2	1	openUnder-PSI
ELRC-www.nordisketax.net	v1	2022-11-07	16345	3315	64473	3	3	openUnder-PSIopenUnder-PSI
ELRC-3070-wikipedia_health	v1	2022-11-01	1637	3289	68120	2	1	CC-BY-SA-3.0
ELRC-5190-Cyber_MT_Test	v1	2022-11-05	3054	3286	118448	3	3	CC-BY-NC-SA-3.0
ELRC-891-www.visitdenmark.dk	v1	2022-11-02	1602	3220	51142	2	1	openUnder-PSI
ELRC-648-Letter_rights_person	v1	2022-11-02	1526	3195	87347	7	21	CC-BY-4.0
ELRC-611-Courts_Norway	v1	2022-11-02	1562	3185	47133	2	1	openUnder-PSI
ELRC-517-Icelandic_Directorat	v1	2022-11-02	1535	3158	61079	2	1	openUnder-PSI
ELRC-895-Royal_Danish_Library	v1	2022-11-02	1546	3115	54491	2	1	openUnder-PSI
ELRC-502-Icelandic_Financial_	v1	2022-11-02	1524	3106	57714	2	1	openUnder-PSI
ELRC-2328-Agriculture_Forestry	v1	2022-10-30	1550	3102	71709	2	1	openUnder-PSI
ELRC-929-www.sida.se	v1	2022-11-02	1544	3088	58712	2	1	openUnder-PSI
ELRC-3040-wikipedia_health	v1	2022-11-01	1531	3080	76302	2	1	CC-BY-SA-3.0
ELRC-612-Courts_Norway	v1	2022-11-02	1484	3029	45590	2	1	openUnder-PSI
ELRA-W0281	v1	2020-05-14	1397	3022	59665	2	1	openUnder-PSI
ELRC-960-Commissioner_Human_R	v1	2022-11-02	1397	3022	59659	2	1	openUnder-PSI
ELRC-471-Bugarian_Revenue	v1	2022-11-02	1292	3019	40145	2	1	publicDomain
ELRA-W0173	v1	2020-05-14	1292	3019	39782	2	1	publicDomain
ELRC-823-Swedish_Swedish_Crim	v1	2022-11-02	1502	3005	54103	2	1	openUnder-PSI
ELRC-889-www.visitvejle.com	v1	2022-11-02	1471	2977	49527	2	1	openUnder-PSI
ELRC-2480-Estatuto_dos_Deputad	v1	2022-10-31	1283	2947	47961	6	9	publicDomain
ELRC-3855-SWPS_University_Soci	v1	2022-11-01	1368	2927	59292	3	2	CC-BY-4.0
ELRC-2498-Plan_Nacional_e	v1	2022-11-12	1293	2913	65278	2	1	CC0-1.0
ELRC-5136-Tuarasclacha_Bliantl	v1	2022-11-02	1036	2906	62634	2	1	openUnder-PSI
ELRC-533-www.finanstilsynet.n	v1	2022-11-02	1444	2889	57642	2	1	CC-BY-4.0
ELRC-962-Regional_Development	v1	2022-11-02	1355	2870	49801	2	1	openUnder-PSI
ELRA-W0282	v1	2020-05-14	1355	2870	49798	2	1	openUnder-PSI
ELRC-886-www.odense.dk	v1	2022-11-02	1426	2869	58417	2	1	openUnder-PSI
ELRC-412-EJTN_Handbook	v1	2022-11-01	1943	2826	49453	2	1	publicDomain
ELRC-2622-Arquitectura_2007	v1	2022-11-12	1147	2797	72418	7	18	CC-BY-NC-4.0
ELRA-W0261	v1	2020-05-14	1366	2792	48786	2	1	CC-BY-3.0
ELRC-906-ING_Polish_Art	v1	2022-11-02	1366	2792	48784	2	1	CC-BY-3.0
ELRC-613-www.patentstyret.no	v1	2022-11-02	1385	2773	39791	2	1	openUnder-PSI
ELRC-1986-Constitution_Greece	v1	2022-10-30	1021	2748	53897	2	1	publicDomain
ELRC-2640-Parques_e_reservas	v1	2022-11-12	1250	2731	93803	4	6	CC-BY-NC-4.0
ELRC-966-Institute_Mathematic	v1	2022-11-02	1341	2729	40535	2	1	openUnder-PSI
ELRA-W0283	v1	2020-05-14	1341	2729	40473	2	1	openUnder-PSI
ELRC-1065-PIO_Publication_Cypr	v1	2022-10-29	1320	2697	70143	2	1	CC-BY-SA-4.0
ELRC-784-Coimisineir_Teanga_R	v1	2022-11-02	1337	2683	53774	2	1	openUnder-PSI
ELRA-W0224	v1	2020-05-22	1337	2683	53768	2	1	openUnder-PSI
ELRC-614-Norwegian_Industrial	v1	2022-11-02	1330	2663	38088	2	1	openUnder-PSI
ELRC-571-www.une.no	v1	2022-11-02	1317	2635	41302	2	1	openUnder-PSI
ELRC-5086-Intellectual_Propert	v1	2022-11-02	1135	2625	51328	2	1	publicDomain
ELRA-W0262	v1	2020-05-14	1286	2619	54927	2	1	openUnder-PSI
ELRC-910-Security_Bureau	v1	2022-11-02	1286	2619	54764	2	1	openUnder-PSI
ELRC-1254-government_websites_	v1	2022-10-30	1249	2504	44511	2	1	openUnder-PSI
ELRC-335-government_websites_	v1	2022-11-01	1249	2504	44511	2	1	openUnder-PSI
ELRC-2506-Programme_Government	v1	2022-10-30	1020	2496	57029	2	1	publicDomain
ELRC-572-www.ptil.no	v1	2022-11-02	1235	2470	45070	2	1	openUnder-PSI
ELRC-510-Harpa_Reykjavik_Conc	v1	2022-11-02	1196	2438	47708	2	1	openUnder-PSI
ELRC-2424-Preasritis_Gaois_Fio	v1	2022-10-30	975	2395	53951	2	1	CC-BY-SA-4.0
ELRA-W0199	v1	2020-05-16	1155	2372	40741	2	1	unknown
ELRC-633-BMI_Brochures_2016	v1	2022-11-02	1155	2372	40686	2	1	openUnder-PSI
ELRC-2559-government_websites_	v1	2022-10-30	1134	2363	55342	2	1	openUnder-PSI
ELRC-900-Danish_Working_Envir	v1	2022-11-02	1137	2353	46823	2	1	openUnder-PSI
ELRC-506-www.lanamal.is	v1	2022-11-02	1139	2326	42920	2	1	openUnder-PSI
ELRC-901-Denmark_Prosecution_	v1	2022-11-02	1162	2326	40929	2	1	openUnder-PSI
ELRC-3062-wikipedia_health	v1	2022-11-01	1145	2304	47533	2	1	CC-BY-SA-3.0
ELRC-1253-Portuguese_law_refer	v1	2022-10-30	1150	2301	47714	2	1	openUnder-PSI
ELRC-5149-Tuarascil_Bhliantil_	v1	2022-11-02	946	2272	45204	2	1	publicDomain
ELRC-1159-Swedish_Migration_Bo	v1	2022-10-29	1111	2231	36910	2	1	publicDomain
ELRC-3193-antibiotic	v1	2022-11-01	1069	2190	40778	2	1	CC-BY-4.0
ELRC-419-Greek_legislation_An	v1	2022-11-02	1069	2154	39111	2	1	CC-BY-4.0
ELRA-W0164	v1	2020-05-14	1069	2154	39015	2	1	CC-BY-4.0
ELRC-3208-antibiotic	v1	2022-11-01	1071	2148	46534	2	1	CC-BY-4.0
ELRC-597-www.nordisketax.net	v1	2022-11-02	1064	2132	42178	2	1	openUnder-PSI
ELRC-5042-Kazakh_Legal_MT	v1	2022-11-05	1001	2129	32403	2	1	CC0-1.0
ELRC-527-University_Agder	v1	2022-11-02	1058	2122	37287	2	1	NLOD-1.0
ELRC-504-www.iceida.is	v1	2022-11-02	1054	2112	49872	2	1	openUnder-PSI
ELRC-1241-2017_Activity_Report	v1	2022-10-30	1020	2100	46792	2	1	CC-BY-3.0
ELRC-984-Government_Cooperati	v1	2022-11-02	1025	2093	61276	2	1	openUnder-PSI
ELRA-W0291	v1	2020-05-14	1025	2093	60689	2	1	openUnder-PSI
ELRC-3216-antibiotic	v1	2022-11-01	1034	2089	41797	2	1	CC-BY-4.0
ELRA-W0284	v1	2020-05-14	948	2049	35830	2	1	openUnder-PSI
ELRC-968-Digital_Affairs	v1	2022-11-02	948	2049	35829	2	1	openUnder-PSI
ELRC-598-www.nordisketax.net	v1	2022-11-02	1016	2048	40319	2	1	openUnder-PSI
ELRC-403-Rights_Arrested	v1	2022-11-01	997	2038	25384	10	45	CC-BY-4.0
ELRC-5218-Georgian_Legal_MT	v1	2022-11-05	1000	2032	48623	2	1	CC0-1.0
ELRC-3209-antibiotic	v1	2022-11-01	1009	2028	37292	2	1	CC-BY-4.0
ELRC-5217-Ukrainian_Legal_MT	v1	2022-11-05	996	2007	48010	2	1	CC0-1.0
ELRC-4995-Finnish_Financial_MT	v1	2022-11-05	1000	2001	21462	2	1	CC0-1.0
ELRA-W0307	v1	2020-05-16	933	1998	13494	3	3	unknown
ELRC-646-International_Judici	v1	2022-11-02	933	1998	13454	3	3	publicDomain
ELRC-3199-antibiotic	v1	2022-11-01	989	1981	40053	2	1	CC-BY-4.0
ELRC-610-Norwegian_Directorat	v1	2022-11-02	990	1981	19584	2	1	openUnder-PSI
ELRC-3215-antibiotic	v1	2022-11-01	985	1974	38391	2	1	CC-BY-4.0
ELRC-845-Corpora_legal_text	v1	2022-11-02	961	1963	54004	2	1	publicDomain
ELRC-3198-antibiotic	v1	2022-11-01	976	1956	41432	2	1	CC-BY-4.0
ELRC-3085-wikipedia_health	v1	2022-11-01	959	1932	42612	2	1	CC-BY-SA-3.0
ELRC-3201-antibiotic	v1	2022-11-01	964	1932	36947	2	1	CC-BY-4.0
ELRC-3303-EUROPARL_covid	v1	2022-11-01	960	1930	54080	2	1	CC-BY-4.0
ELRC-3053-wikipedia_health	v1	2022-11-01	957	1925	48975	2	1	CC-BY-SA-3.0
ELRC-5160-Press_Releases_PIO	v1	2022-11-02	954	1922	41885	2	1	CC-BY-SA-4.0
ELRC-3213-antibiotic	v1	2022-11-01	952	1909	36286	2	1	CC-BY-4.0
ELRC-2611-localidades_alentejo	v1	2022-11-12	833	1900	48260	4	5	CC-BY-NC-4.0
ELRC-830-Swedish_Economic_Reg	v1	2022-11-02	948	1897	27497	2	1	openUnder-PSI
ELRC-3210-antibiotic	v1	2022-11-01	936	1877	41179	2	1	CC-BY-4.0
ELRC-3044-wikipedia_health	v1	2022-11-01	931	1869	38849	2	1	CC-BY-SA-3.0
ELRC-2558-government_websites_	v1	2022-10-30	909	1821	33838	2	1	openUnder-PSI
ELRA-W0238	v1	2020-05-14	906	1812	30571	2	1	openUnder-PSI
ELRC-825-Croatian_Swedish_Cri	v1	2022-11-02	906	1812	30532	2	1	openUnder-PSI
ELRC-5123-2020_Annual_Report	v1	2022-11-02	766	1812	27529	3	2	publicDomain
ELRC-3202-antibiotic	v1	2022-11-01	896	1794	35617	2	1	CC-BY-4.0
ELRC-3200-antibiotic	v1	2022-11-01	890	1787	35446	2	1	CC-BY-4.0
ELRC-420-Audioguide_Military_	v1	2022-11-02	867	1785	36678	2	1	publicDomain
ELRC-3217-antibiotic	v1	2022-11-01	808	1779	30492	2	1	CC-BY-4.0
ELRC-3286-EUROPARL_covid	v1	2022-11-01	887	1776	40527	2	1	CC-BY-4.0
ELRC-3196-antibiotic	v1	2022-11-01	884	1773	31174	2	1	CC-BY-4.0
ELRC-3301-EUROPARL_covid	v1	2022-11-01	863	1728	60018	2	1	CC-BY-4.0
ELRC-770-National_Security_De	v1	2022-11-02	864	1728	30650	2	1	openUnder-PSI
ELRA-W0301	v1	2020-05-14	854	1708	20650	10	45	CC-BY-4.0
ELRC-3206-antibiotic	v1	2022-11-01	815	1699	30914	2	1	CC-BY-4.0
ELRC-3302-EUROPARL_covid	v1	2022-11-01	843	1689	36453	2	1	CC-BY-4.0
ELRC-2560-government_websites_	v1	2022-10-30	843	1689	29707	2	1	openUnder-PSI
ELRC-3214-antibiotic	v1	2022-11-01	839	1682	31429	2	1	CC-BY-4.0
ELRC-3212-antibiotic	v1	2022-11-01	838	1679	35644	2	1	CC-BY-4.0
ELRC-3453-covid19.gov.lv	v1	2022-11-01	825	1662	26235	2	1	openUnder-PSI
ELRC-Parques_e	v1	2022-11-07	22612	1657	54746	6	13	CC-BY-NC-4.0
ELRC-3205-antibiotic	v1	2022-11-01	822	1648	30466	2	1	CC-BY-4.0
ELRC-3304-EUROPARL_covid	v1	2022-11-01	815	1633	36415	2	1	CC-BY-4.0
ELRC-3195-antibiotic	v1	2022-11-01	805	1612	31328	2	1	CC-BY-4.0
ELRA-W0289	v1	2020-05-14	802	1610	28958	2	1	openUnder-PSI
ELRC-979-Audiovisual_Institut	v1	2022-11-02	802	1610	28945	2	1	openUnder-PSI
ELRC-3204-antibiotic	v1	2022-11-01	800	1609	31980	2	1	CC-BY-4.0
ELRC-2624-Arquitectura_2007_Pa	v1	2022-11-12	762	1605	43523	5	9	CC-BY-NC-4.0
ELRC-3297-EUROPARL_covid	v1	2022-11-01	788	1581	52813	2	1	CC-BY-4.0
ELRC-894-Gallery_Denmark	v1	2022-11-02	768	1569	26047	2	1	openUnder-PSI
ELRC-973-Science_Higher_Educa	v1	2022-11-02	774	1567	31132	2	1	openUnder-PSI
ELRA-W0286	v1	2020-05-14	774	1567	31127	2	1	openUnder-PSI
ELRC-3050-wikipedia_health	v1	2022-11-01	746	1504	34910	2	1	CC-BY-SA-3.0
ELRC-2439-Ritis_Airgeadais_Oll	v1	2022-10-30	677	1501	21240	2	1	publicDomain
ELRC-3041-wikipedia_health	v1	2022-11-01	743	1496	31444	2	1	CC-BY-SA-3.0
ELRC-3203-antibiotic	v1	2022-11-01	686	1495	25239	2	1	CC-BY-4.0
ELRC-977-State_Marine_Acciden	v1	2022-11-02	720	1492	26973	2	1	openUnder-PSI
ELRA-W0288	v1	2020-05-14	720	1492	26972	2	1	openUnder-PSI
ELRC-3306-EUROPARL_covid	v1	2022-11-01	723	1466	43648	2	1	CC-BY-4.0
ELRC-3291-EUROPARL_covid	v1	2022-11-01	727	1463	49791	2	1	CC-BY-4.0
ELRC-516-Icelandic_Medicines	v1	2022-11-02	710	1459	27761	2	1	openUnder-PSI
ELRC-3211-antibiotic	v1	2022-11-01	721	1445	25992	2	1	CC-BY-4.0
ELRC-3293-EUROPARL_covid	v1	2022-11-01	719	1441	32024	2	1	CC-BY-4.0
ELRC-3087-wikipedia_health	v1	2022-11-01	692	1396	31561	2	1	CC-BY-SA-3.0
ELRC-3084-wikipedia_health	v1	2022-11-01	692	1394	26508	2	1	CC-BY-SA-3.0
ELRC-3287-EUROPARL_covid	v1	2022-11-01	695	1391	40994	2	1	CC-BY-4.0
ELRC-3290-EUROPARL_covid	v1	2022-11-01	691	1384	45529	2	1	CC-BY-4.0
ELRC-3071-wikipedia_health	v1	2022-11-01	685	1377	32348	2	1	CC-BY-SA-3.0
ELRC-3299-EUROPARL_covid	v1	2022-11-01	660	1324	43967	2	1	CC-BY-4.0
ELRC-3298-EUROPARL_covid	v1	2022-11-01	652	1324	39296	2	1	CC-BY-4.0
ELRC-981-Digital_Archives	v1	2022-11-02	646	1309	20661	2	1	openUnder-PSI
ELRA-W0290	v1	2020-05-14	646	1309	20660	2	1	openUnder-PSI
ELRC-3289-EUROPARL_covid	v1	2022-11-01	650	1303	46634	2	1	CC-BY-4.0
ELRA-W0257	v1	2020-05-14	649	1302	28708	2	1	openUnder-PSI
ELRC-882-Culture_Heritage	v1	2022-11-02	649	1302	28701	2	1	openUnder-PSI
ELRC-2623-Patrimnio_Aores_2006	v1	2022-11-12	503	1302	26920	5	10	CC-BY-NC-4.0
ELRC-970-geoportal.gov.pl	v1	2022-11-02	640	1289	24316	2	1	openUnder-PSI
ELRA-W0285	v1	2020-05-14	640	1289	24313	2	1	openUnder-PSI
ELRC-5124-Government_Ireland_P	v1	2022-11-02	511	1281	21268	2	1	publicDomain
ELRC-3295-EUROPARL_covid	v1	2022-11-01	633	1268	28631	2	1	CC-BY-4.0
ELRC-3300-EUROPARL_covid	v1	2022-11-01	632	1267	36227	2	1	CC-BY-4.0
ELRC-3060-wikipedia_health	v1	2022-11-01	629	1267	28539	2	1	CC-BY-SA-3.0
ELRC-884-Interior_Administrat	v1	2022-11-02	610	1249	27714	2	1	openUnder-PSI
ELRA-W0258	v1	2020-05-14	610	1249	27708	2	1	openUnder-PSI
ELRC-3073-wikipedia_health	v1	2022-11-01	607	1225	28863	2	1	CC-BY-SA-3.0
ELRC-3207-antibiotic	v1	2022-11-01	606	1216	22931	2	1	CC-BY-4.0
ELRC-509-Gallery_Iceland	v1	2022-11-02	576	1182	23249	2	1	openUnder-PSI
ELRC-1173-PIO_Publication_CYPR	v1	2022-10-29	585	1181	28569	2	1	CC-BY-SA-4.0
ELRC-2469-Ritis_Airgeadais_Oif	v1	2022-10-30	487	1179	14562	2	1	publicDomain
ELRC-832-CHARTER_VALUES_CITIZ	v1	2022-11-02	538	1124	24606	5	10	publicDomain
ELRC-880-Foreign_Affairs	v1	2022-11-02	554	1119	24661	2	1	openUnder-PSI
ELRA-W0256	v1	2020-05-14	554	1119	24659	2	1	openUnder-PSI
ELRC-3459-EC_EUROPA_covid	v1	2022-11-01	554	1117	25649	2	1	CC-BY-4.0
ELRC-3296-EUROPARL_covid	v1	2022-11-01	552	1115	35358	2	1	CC-BY-4.0
ELRC-5126-IRC_Early_Career	v1	2022-11-02	342	1115	19468	3	2	publicDomain
ELRC-3292-EUROPARL_covid	v1	2022-11-01	556	1114	22271	2	1	CC-BY-4.0
ELRC-2740-vaccination	v1	2022-10-31	545	1112	17542	2	1	CC-BY-4.0
ELRC-3305-EUROPARL_covid	v1	2022-11-01	545	1095	24713	2	1	CC-BY-4.0
ELRC-3082-wikipedia_health	v1	2022-11-01	534	1071	22458	2	1	CC-BY-SA-3.0
ELRC-2733-vaccination	v1	2022-10-31	523	1055	18778	2	1	CC-BY-4.0
ELRC-3066-wikipedia_health	v1	2022-11-01	522	1048	22331	2	1	CC-BY-SA-3.0
ELRC-2741-vaccination	v1	2022-10-31	520	1044	16956	2	1	CC-BY-4.0
ELRC-2749-vaccination	v1	2022-10-31	519	1041	17888	2	1	CC-BY-4.0
ELRC-2735-vaccination	v1	2022-10-31	518	1039	19327	2	1	CC-BY-4.0
ELRC-2744-vaccination	v1	2022-10-31	517	1037	18165	2	1	CC-BY-4.0
ELRC-2734-vaccination	v1	2022-10-31	514	1031	17416	2	1	CC-BY-4.0
ELRC-5145-Roinn_an_Dl	v1	2022-11-02	284	1028	18118	2	1	publicDomain
ELRC-2745-vaccination	v1	2022-10-31	509	1028	18101	2	1	CC-BY-4.0
ELRC-2732-vaccination	v1	2022-10-31	512	1025	20261	2	1	CC-BY-4.0
ELRC-2753-vaccination	v1	2022-10-31	508	1022	17674	2	1	CC-BY-4.0
ELRC-1238-Energy_Report_City	v1	2022-10-30	481	1012	19216	2	1	CC-BY-4.0
ELRC-2738-vaccination	v1	2022-10-31	500	1001	19287	2	1	CC-BY-4.0
ELRC-5150-Language_Scheme_Cust	v1	2022-11-02	500	998	15910	2	1	publicDomain
ELRC-2752-vaccination	v1	2022-10-31	496	996	16820	2	1	CC-BY-4.0
ELRC-2743-vaccination	v1	2022-10-31	495	992	18846	2	1	CC-BY-4.0
ELRC-2750-vaccination	v1	2022-10-31	495	992	18218	2	1	CC-BY-4.0
ELRC-2742-vaccination	v1	2022-10-31	494	989	17896	2	1	CC-BY-4.0
ELRC-2737-vaccination	v1	2022-10-31	491	984	17593	2	1	CC-BY-4.0
ELRC-2736-vaccination	v1	2022-10-31	489	980	17120	2	1	CC-BY-4.0
ELRC-5125-IRC_Conditions_award	v1	2022-11-02	314	980	15594	2	1	publicDomain
ELRC-871-Agriculture_Rural_De	v1	2022-11-02	486	974	22606	2	1	openUnder-PSI
ELRA-W0252	v1	2020-05-14	486	974	22604	2	1	openUnder-PSI
ELRC-745-Convention_against_T	v1	2022-11-02	354	974	20755	3	2	publicDomain
ELRA-W0309	v1	2020-05-16	354	974	20729	3	2	unknown
ELRC-3284-EUROPARL_covid	v1	2022-11-01	474	955	21782	2	1	CC-BY-4.0
ELRC-2747-vaccination	v1	2022-10-31	475	951	17980	2	1	CC-BY-4.0
ELRC-2746-vaccination	v1	2022-10-31	472	948	18473	2	1	CC-BY-4.0
ELRC-2739-vaccination	v1	2022-10-31	470	942	14954	2	1	CC-BY-4.0
ELRA-W0225	v1	2020-05-16	462	936	12136	2	1	unknown
ELRC-785-Compendium_Social_In	v1	2022-11-02	462	936	12136	2	1	openUnder-PSI
ELRC-3557-EUR_LEX_covid	v1	2022-11-01	398	931	21953	2	1	CC-BY-4.0
ELRC-2751-vaccination	v1	2022-10-31	464	929	14448	2	1	CC-BY-4.0
ELRC-2754-vaccination	v1	2022-10-31	461	925	16360	2	1	CC-BY-4.0
ELRC-2867-EU_publications_medi	v1	2022-11-01	412	923	15177	2	1	CC-BY-4.0
ELRC-2420-Press_Releases_Depar	v1	2022-10-30	353	909	21089	2	1	publicDomain
ELRC-3072-wikipedia_health	v1	2022-11-01	451	907	25153	2	1	CC-BY-SA-3.0
ELRA-W0210	v1	2020-05-16	433	876	34108	2	1	unknown
ELRC-663-Memorandum_a_ESM	v1	2022-11-02	433	876	34104	2	1	publicDomain
ELRC-3554-www.kriis.ee	v1	2022-11-01	434	868	15996	2	1	openUnder-PSI
RF	v1	2018-02-18	1352	861	19740	5	10	unknown
ELRC-Arquitectura_2007	v1	2022-11-07	12429	857	22370	7	19	CC-BY-NC-4.0
ELRC-2404-Czech_Supreme_Audit	v1	2022-10-30	402	847	15799	2	1	publicDomain
ELRC-640-Federal_Foreign_Berl	v1	2022-11-02	415	837	14103	2	1	openUnder-PSI
ELRC-3294-EUROPARL_covid	v1	2022-11-01	409	827	17509	2	1	CC-BY-4.0
ELRC-3039-wikipedia_health	v1	2022-11-01	403	814	21956	2	1	CC-BY-SA-3.0
ELRC-3064-wikipedia_health	v1	2022-11-01	400	808	16302	2	1	CC-BY-SA-3.0
ELRC-3197-antibiotic	v1	2022-11-01	391	798	15767	2	1	CC-BY-4.0
ELRC-2625-Patrimnio_Aores_2006	v1	2022-11-12	296	796	16307	4	6	CC-BY-NC-4.0
ELRC-3052-wikipedia_health	v1	2022-11-01	388	776	18706	2	1	CC-BY-SA-3.0
ELRC-3055-wikipedia_health	v1	2022-11-01	368	740	27892	2	1	CC-BY-SA-3.0
ELRC-3067-wikipedia_health	v1	2022-11-01	357	722	20263	2	1	CC-BY-SA-3.0
ELRC-2748-vaccination	v1	2022-10-31	359	722	11379	2	1	CC-BY-4.0
ELRC-511-bokmenntaborgin_is	v1	2022-11-02	329	688	10432	2	1	openUnder-PSI
ELRC-3045-wikipedia_health	v1	2022-11-01	333	672	11747	2	1	CC-BY-SA-3.0
ELRC-3042-wikipedia_health	v1	2022-11-01	316	648	14052	2	1	CC-BY-SA-3.0
ELRC-2458-Tarmaocht_agus_aistr	v1	2022-11-12	188	641	12684	2	1	CC-BY-4.0
ELRC-2468-Oifig_Ombudsman_irin	v1	2022-10-30	249	562	4594	2	1	publicDomain
ELRC-3079-wikipedia_health	v1	2022-11-01	277	555	10496	2	1	CC-BY-SA-3.0
ELRC-804-UCD_Bord_na	v1	2022-11-02	263	527	8096	2	1	openUnder-PSI
ELRC-2466-Leabhrn_dAonad_Altra	v1	2022-10-31	220	496	7444	2	1	publicDomain
ELRC-3061-wikipedia_health	v1	2022-11-01	245	492	16276	2	1	CC-BY-SA-3.0
ELRC-5138-Preasritis__Choliste	v1	2022-11-02	170	475	12125	2	1	openUnder-PSI
ELRC-3048-wikipedia_health	v1	2022-11-01	236	474	17551	2	1	CC-BY-SA-3.0
ELRC-2407-Czech_Supreme_Audit	v1	2022-10-30	233	466	10188	2	1	publicDomain
ELRC-876-Justice	v1	2022-11-02	224	464	10131	2	1	openUnder-PSI
ELRA-W0254	v1	2020-05-14	224	464	10129	2	1	openUnder-PSI
ELRC-5220-Information_crime_vi	v1	2022-12-01	206	445	7066	5	10	publicDomain
ELRC-2549-Report_Best_practice	v1	2022-10-30	214	437	6835	2	1	openUnder-PSI
ELRC-3068-wikipedia_health	v1	2022-11-01	216	435	12698	2	1	CC-BY-SA-3.0
ELRC-2484-legislao	v1	2022-10-30	189	424	5910	2	1	publicDomain
ELRC-2478-Glossrio_PT_EN	v1	2022-10-31	207	415	3796	5	4	publicDomain
ELRC-2482-RELATRIO_GAM	v1	2022-10-30	127	411	12909	3	2	publicDomain
ELRC-3047-wikipedia_health	v1	2022-11-01	204	410	8914	2	1	CC-BY-SA-3.0
ELRC-Patrimnio_Aores	v1	2022-11-07	13709	408	8290	6	13	CC-BY-NC-4.0
ELRC-3046-wikipedia_health	v1	2022-11-01	202	404	9220	2	1	CC-BY-SA-3.0
ELRC-2425-Preasritis_Gaois_Fio	v1	2022-11-12	162	395	9505	2	1	CC-BY-SA-4.0
ELRC-2440-Polsas_ar_Fheinilach	v1	2022-10-30	177	391	6105	2	1	publicDomain
ELRC-3194-antibiotic	v1	2022-11-01	195	391	5177	2	1	CC-BY-4.0
ELRC-5144-Iarracht_ar_Threoir	v1	2022-11-02	159	383	8187	2	1	publicDomain
ELRC-5143-Preasriteas__Cholist	v1	2022-11-02	164	375	10926	2	1	openUnder-PSI
ELRC-5135-Preasritis__Choliste	v1	2022-11-02	143	372	8954	2	1	openUnder-PSI
ELRC-3857-State_Budget_Executi	v1	2022-11-01	179	359	7011	2	1	CC-BY-4.0
ELRC-632-BMI_Brochure_Civil	v1	2022-11-02	175	357	5380	2	1	openUnder-PSI
ELRC-2479-Lei_orgnica_2	v1	2022-10-30	135	342	5963	3	2	publicDomain
ELRC-656-Macroeconomic_Develo	v1	2022-11-02	150	338	5253	2	1	publicDomain
ELRC-2538-Lei_25_2009	v1	2022-10-30	136	326	8567	4	3	publicDomain
ELRC-3037-wikipedia_health	v1	2022-11-01	149	301	6779	2	1	CC-BY-SA-3.0
ELRC-2452-Tuairisc_a_thug	v1	2022-11-12	50	295	6004	2	1	CC-BY-4.0
ELRC-3056-wikipedia_health	v1	2022-11-01	144	291	6126	2	1	CC-BY-SA-3.0
ELRC-3051-wikipedia_health	v1	2022-11-01	143	288	6209	2	1	CC-BY-SA-3.0
ELRC-2536-Estatuto_da_Vtima	v1	2022-10-30	115	287	7867	3	2	publicDomain
ELRA-W0196	v1	2020-05-14	120	286	5066	2	1	CC-BY-4.0
ELRC-496-Convention_transfer_	v1	2022-11-02	120	286	5064	2	1	CC-BY-4.0
ELRC-3089-wikipedia_health	v1	2022-11-01	142	285	6599	2	1	CC-BY-SA-3.0
ELRC-3288-EUROPARL_covid	v1	2022-11-01	141	283	6225	2	1	CC-BY-4.0
ELRC-3069-wikipedia_health	v1	2022-11-01	135	274	5398	2	1	CC-BY-SA-3.0
ELRC-3076-wikipedia_health	v1	2022-11-01	133	268	4660	2	1	CC-BY-SA-3.0
ELRC-5146-Irish_Government_Pre	v1	2022-11-02	114	261	6704	2	1	publicDomain
ELRC-3059-wikipedia_health	v1	2022-11-01	129	261	4093	2	1	CC-BY-SA-3.0
ELRC-2467-Preasritis_Oifig_an	v1	2022-10-30	91	234	5833	2	1	publicDomain
ELRC-5137-Preasritis__Choliste	v1	2022-11-02	106	226	5964	2	1	openUnder-PSI
ELRC-2474-Marketing_Influncia	v1	2022-10-30	86	224	3851	2	1	publicDomain
ELRA-W0207	v1	2020-05-16	101	211	4504	2	1	unknown
ELRC-662-Expression_interest	v1	2022-11-02	84	190	4735	2	1	publicDomain
ELRA-W0209	v1	2020-05-16	84	190	4684	2	1	unknown
ELRC-2423-Preasritis_Ollscoil_	v1	2022-10-30	71	171	5360	2	1	publicDomain
ELRA-W0253	v1	2020-05-14	81	163	2384	2	1	openUnder-PSI
ELRC-873-Development	v1	2022-11-02	81	163	2384	2	1	openUnder-PSI
ELRC-2579-Avian_influenza_bios	v1	2022-10-30	56	112	2749	2	1	publicDomain
ELRC-5141-Preasritis__Choliste	v1	2022-11-02	38	103	3142	2	1	openUnder-PSI
ELRC-3456-EC_EUROPA_covid	v1	2022-11-01	50	101	1437	2	1	CC-BY-4.0
ELRC-2537-Lei_20_2008	v1	2022-10-30	39	96	2551	2	1	publicDomain
ELRC-1022-COMPULSORY_EXPROPRIA	v1	2022-10-29	37	92	2081	2	1	openUnder-PSI
ELRA-W0208	v1	2020-05-16	44	89	802	2	1	unknown
ELRC-2505-Preasriteas_M_Iil	v1	2022-10-30	40	86	1808	2	1	openUnder-PSI
ELRC-2508-Preasritis_Ollscoil_	v1	2022-10-30	38	85	3214	2	1	publicDomain
ELRC-5139-Bileog_do_Phlean	v1	2022-11-02	21	72	706	2	1	openUnder-PSI
ELRC-2463-Toili_don_Scagthstil	v1	2022-10-30	19	69	875	2	1	publicDomain
ELRC-3856-PRESS	v1	2022-11-01	34	68	1579	2	1	CC-BY-4.0
ELRC-2465-Faisnis_faoi_IDS	v1	2022-10-30	20	63	922	2	1	publicDomain
ELRC-2460-Preasriteas_faoi_foi	v1	2022-10-30	22	60	1435	2	1	publicDomain
ELRC-2546-Competition_Economic	v1	2022-10-30	28	56	1631	2	1	openUnder-PSI
ELRC-5153-A_crisis_number	v1	2022-11-02	23	52	1042	2	1	publicDomain
ELRC-2449-Litir__Oifig	v1	2022-10-30	22	45	907	2	1	publicDomain
ELRC-1021-Commitment_Property_	v1	2022-10-29	22	44	600	2	1	publicDomain
ELRC-2509-Comhdhil_Cumann_Idir	v1	2022-10-30	20	40	1262	2	1	publicDomain
ELRC-2462-Preasriteas_faoi_Uac	v1	2022-10-30	5	37	1069	2	1	publicDomain
ELRC-5128-Celebrating_Our_Livi	v1	2022-11-02	18	36	770	2	1	publicDomain
ELRC-3285-EUROPARL_covid	v1	2022-11-01	16	33	592	2	1	CC-BY-4.0
ELRC-3598-presscorner_covid	v1	2022-11-01	15	30	498	2	1	CC-BY-4.0
ELRC-2451-Pleananna_ITBC_le	v1	2022-11-12	10	25	688	2	1	CC-BY-4.0
ELRC-2464-Foirm_FSS_Iarratais	v1	2022-10-30	10	24	453	2	1	publicDomain
ELRC-2473-do_Consumidor	v1	2022-10-30	9	18	374	2	1	publicDomain
ELRA-W0305	v1	2020-05-14	6842	14	8455	6	13	publicDomain
ELRC-2459-Pstaer_faoi_scoil	v1	2022-10-30	6	12	196	2	1	publicDomain
ELRA-W0232	v1	2020-05-16	26622	0	2	2	1	unknown
WikiTitles	v3	2022-11-10	2663302	0	0	19	18	CC-BY-SA 4.0
ELRC-433-State_Latvian	v1	2022-11-08	6861	0	0	2	1	CC-BY-SA-4.0
ELRC-494-forbrukereuropa.no	v1	2022-11-08	13024	0	0	2	1	CC-BY-4.0
ELRC-5142-Preasriteas__Cholist	v1	2022-11-08	184	0	0	2	1	openUnder-PSI
ELRC-522-KORO_Art_Norway	v1	2022-11-08	10171	0	0	2	1	NLOD-1.0
ELRC-594-Norwegian_Directorat	v1	2022-11-08	2539	0	0	2	1	openUnder-PSI
ELRC-658-Methodological_Recon	v1	2022-11-08	44	0	0	2	1	publicDomain
ELRC-780-Coimisineir_Teanga	v1	2022-11-08	321	0	0	2	1	openUnder-PSI
ELRC-890-Holstebro_Kunstmuseu	v1	2022-11-08	1022	0	0	2	1	openUnder-PSI
ELRC-938-vp2001_2006.presiden	v1	2022-11-08	25569	0	0	2	1	openUnder-PSI
ELRC-996-nature_protection_st	v1	2022-11-08	969	0	0	2	1	openUnder-PSI
ELRA-W0245	v1	2020-05-22	unknown	unknown	unknown	unknown	unknown	openUnder-PSI
ELRA-W0248	v1	2020-05-16	unknown	unknown	unknown	unknown	unknown	unknown
liv4ever	v1	2021-11-26	unknown	unknown	unknown	unknown	unknown	CC BY-SA
MPC1	v1	unknown	unknown	unknown	unknown	unknown	unknown	unknown
MultiParaCrawl	v8	2021-06-30	unknown	unknown	unknown	unknown	unknown	unknown
Tatoeba	v2021-07-22	2021-07-22	unknown	unknown	unknown	unknown	unknown	CC-BY 2.0 FR
Ubuntu	v14.10	2018-12-24	unknown	unknown	unknown	unknown	unknown	unknown
